text,emotion
"I'm so happy today, everything is going great!",happy
Just got promoted at work! Best day ever!,happy
My team won the championship! I'm ecstatic!,happy
"Got an A on my exam, feeling on top of the world!",happy
Birthday celebration with all my friends was amazing!,happy
My baby took their first steps today!,happy
Just finished my favorite book and the ending was perfect!,happy
I passed my board exam! I can't stop smiling!,happy
We just bought our first home together!,happy
My proposal was accepted! She said yes!,happy
I finally got my dream job offer today!,happy
Just returned from an amazing vacation!,happy
My parents surprised me with a party!,happy
I woke up feeling so refreshed and grateful today!,happy
Everything is falling into place in my life right now!,happy
I aced my presentation and got a standing ovation!,happy
My best friend just had a healthy baby boy!,happy
I hit my fitness goal after months of hard work!,happy
Today is just one of those perfect days!,happy
I got a surprise bonus from my boss!,happy
My favorite band announced a concert in my city!,happy
I reunited with my college friends after 5 years!,happy
My dog learned a new trick today!,happy
I finally finished my thesis and submitted it!,happy
I feel so blessed and loved today!,happy
Got the scholarship I worked so hard for!,happy
I just graduated and my family is so proud!,happy
Today everything just makes me smile!,happy
I received a heartfelt compliment from a stranger!,happy
My garden is blooming beautifully today!,happy
I cooked a perfect meal and my family loved it!,happy
My crush finally asked me out!,happy
"I cleared all my debts today, feeling so free!",happy
My artwork was featured in a local gallery!,happy
I just won a competition I worked months for!,happy
I made a new friend today who really gets me!,happy
My boss publicly recognized my hard work!,happy
I surprised my mom with flowers and she cried happy tears!,happy
I just got accepted to my dream university!,happy
Today I feel unstoppable and full of energy!,happy
I laughed so hard today my stomach hurts!,happy
I finished all my tasks and still have free time!,happy
My team just launched a product we built together!,happy
I got a perfect score on my last assignment!,happy
My favorite team won the finals!,happy
I reconnected with my childhood best friend today!,happy
I feel so happy I could cry tears of joy!,happy
Everything feels right in the world today!,happy
I just booked the trip I have always dreamed of!,happy
I feel grateful for every little thing today!,happy
Life is beautiful and I am so thankful!,happy
I am beaming with pride and happiness right now!,happy
I just adopted a puppy and he is adorable!,happy
My health results came back clear today!,happy
I finished my first marathon today!,happy
My short film won first place at the festival!,happy
I am so happy I feel like dancing!,happy
Today was absolutely perfect from start to finish!,happy
I earned my black belt in martial arts today!,happy
My family surprised me with the best gift ever!,happy
I feel like the luckiest person alive right now!,happy
I finally achieved my long time goal today!,happy
I had the best day at work in a long time!,happy
I just realized how much I have grown this year!,happy
My friend group threw me a surprise birthday party!,happy
I am bursting with excitement and joy today!,happy
Everything I hoped for is finally coming true!,happy
I feel so full of positive energy today!,happy
Today I am just radiating happiness!,happy
My mentor told me he is proud of my progress!,happy
I can not believe how good life feels right now!,happy
Today was the happiest day of my life so far!,happy
I feel like I am on cloud nine!,happy
I just got the news I have been waiting for!,happy
My hard work finally paid off today!,happy
I am overwhelmed with gratitude and happiness!,happy
I just had the most wonderful day imaginable!,happy
Today I feel truly alive and overjoyed!,happy
I am so happy I want to share it with the world!,happy
I just finished something I am incredibly proud of!,happy
Everything is going perfectly and I feel amazing!,happy
I feel pure joy coursing through me right now!,happy
Today reminded me how beautiful life really is!,happy
I just experienced something that made my heart soar!,happy
I am so excited I can barely contain myself!,happy
Today my dreams started becoming reality!,happy
I feel blessed beyond words today!,happy
My heart is overflowing with happiness right now!,happy
I just had an incredible breakthrough in my work!,happy
I feel like the best version of myself today!,happy
I am smiling from ear to ear right now!,happy
Today everything clicked and fell into place!,happy
I just received the most wonderful news of my life!,happy
I am celebrating a huge personal victory today!,happy
I feel grateful and completely at peace with life!,happy
Today I experienced something that changed my life for the better!,happy
I just got the result I worked so hard for!,happy
I am in the best mood I have been in for years!,happy
Today I feel truly happy and nothing can ruin it!,happy
I just achieved something I once thought was impossible!,happy
I miss my grandmother so much. She passed away last year.,sad
My best friend is moving to another country. I feel lost.,sad
"I cried watching that movie, it hit too close to home.",sad
Failed my exam after studying for weeks. So disappointed.,sad
Nobody remembered my birthday today.,sad
Looking at old photos makes me sad about how things changed.,sad
My dog passed away yesterday. I am heartbroken.,sad
The person I love does not feel the same way.,sad
I feel like crying but I do not even know why.,sad
Everything reminds me of what I have lost.,sad
Did not get the job. Back to square one.,sad
My relationship of three years just ended today.,sad
I said goodbye to my childhood home today. It hurts.,sad
My grandfather is in the hospital and I am scared.,sad
I got rejected from my dream school.,sad
My childhood pet had to be put down today.,sad
I feel like I keep losing people I love.,sad
No one checked on me today and it really hurts.,sad
I watched my parents cry and I could not do anything.,sad
I had to cancel my dream trip because of money problems.,sad
I gave everything I had and it still was not enough.,sad
My closest friend stopped talking to me without explanation.,sad
I feel invisible to the people around me.,sad
I miss how things used to be before everything changed.,sad
I lost my job today and I have a family to support.,sad
My heart feels heavy and I cannot shake this sadness.,sad
I just found out a close friend has a serious illness.,sad
I broke down crying in the middle of the night.,sad
I feel like a burden to everyone around me.,sad
I had to let go of someone I truly loved today.,sad
Things did not work out the way I planned and I am grieving.,sad
I feel so alone even when I am surrounded by people.,sad
I watched someone I care about walk away from me.,sad
Today marks one year since I lost my father.,sad
I tried my hardest and still failed. I am devastated.,sad
My heart aches for something I cannot even name.,sad
I feel completely drained and emotionally empty.,sad
I woke up crying from a dream about someone I lost.,sad
I am grieving a friendship that slowly fell apart.,sad
I miss a version of my life that no longer exists.,sad
I cried the whole drive home and could not stop.,sad
I feel like my sadness has no end in sight.,sad
I am mourning a relationship that never got to fully bloom.,sad
I feel deeply sad and I do not know how to fix it.,sad
I am carrying a heavy heart and have no one to talk to.,sad
I keep replaying the moment everything went wrong.,sad
I feel an emptiness inside that I cannot fill.,sad
My heart broke today in a way I did not expect.,sad
I am sad and tired and I just want to feel okay again.,sad
I feel like I am grieving something no one else can see.,sad
The tears kept coming and I did not try to stop them.,sad
I am sad for no reason and that makes it worse.,sad
I miss someone who is still alive but feels gone.,sad
I feel like the world kept moving while I stood still.,sad
I am silently falling apart and no one notices.,sad
I feel deeply hurt by someone I trusted completely.,sad
I had to say goodbye to something that meant everything to me.,sad
My chest feels heavy and my eyes keep watering.,sad
I feel like happiness is something others have but not me.,sad
I am in pain and I do not know how to make it stop.,sad
I feel sadness in my bones today.,sad
I miss the people and places I can never go back to.,sad
I am grieving quietly and it is exhausting.,sad
I feel like I lost a part of myself today.,sad
Everything that used to make me smile feels hollow now.,sad
I sat alone and cried and no one knew.,sad
I feel a sadness so deep I can barely breathe.,sad
I am mourning the life I thought I was going to have.,sad
I feel heartbroken over something I never even had.,sad
I cried myself to sleep and woke up still sad.,sad
I feel like every door I open leads to disappointment.,sad
I am carrying grief that I have never spoken aloud.,sad
I miss someone so much it physically hurts.,sad
I feel overwhelmed by sadness and I do not know why.,sad
I am struggling to hold back tears all day.,sad
I feel as though happiness passed me by today.,sad
I am sad and I need someone to just sit with me.,sad
I feel deeply grieved by a loss that others might not understand.,sad
I am crying and I am not entirely sure what for.,sad
"I feel a quiet, persistent sadness that will not leave.",sad
I am hurting from something I am not ready to talk about.,sad
I just need someone to tell me it is going to be okay.,sad
I feel lost and sad and I do not know the way back.,sad
I am heartbroken and it feels like it will never heal.,sad
I am drowning in sadness today and I need to feel less alone.,sad
I feel grief so heavy I can barely lift my head.,sad
I cried in the shower so no one would hear me.,sad
I feel like joy is something I have forgotten how to feel.,sad
I am carrying a sadness that has no name but feels very real.,sad
I feel deeply sorrowful and I am not sure how to carry on.,sad
I am sad today and I just want someone to acknowledge that.,sad
I feel so much pain and yet I cannot explain it to anyone.,sad
I am grieving something others told me I should be over by now.,sad
I feel like the sadness in me is permanent.,sad
I am not okay today and I think that is okay to admit.,sad
I feel the kind of sadness that makes everything taste grey.,sad
I am silently weeping for a version of life I never got.,sad
I feel deeply sad and I am allowing myself to sit in it.,sad
I can't believe they lied to me. I'm furious!,angry
This traffic is making me so mad. I'm going to be late again!,angry
"My roommate keeps leaving dishes in the sink, I'm fed up!",angry
They canceled my favorite show. This is outrageous!,angry
Why do people keep interrupting me? I'm losing my patience.,angry
My colleague takes credit for all my work. I'm livid.,angry
The service at this restaurant was absolutely terrible.,angry
Why won't anyone listen to what I have to say?,angry
I am so angry I can barely think straight.,angry
Someone betrayed my trust and I am seething.,angry
I feel rage burning inside me right now.,angry
I was treated unfairly and it makes my blood boil.,angry
I am furious about how I was spoken to today.,angry
People keep making promises they never keep and I am done.,angry
I am so angry I need to punch something.,angry
They humiliated me in front of everyone and I am raging.,angry
I was blamed for something that was not my fault.,angry
I am disgusted by how people have been treating me.,angry
I am so fed up with being taken for granted.,angry
I am boiling with anger and I need to release it.,angry
Someone stole something from me and I am beyond furious.,angry
I have been disrespected for the last time.,angry
I am tired of being ignored when I speak.,angry
I am livid about the injustice I witnessed today.,angry
I am so angry I cannot even form proper sentences.,angry
They broke my trust and I am absolutely furious.,angry
I am filled with rage and I need music to match.,angry
I am done tolerating people who mistreat me.,angry
I am angry at the world right now.,angry
I feel an uncontrollable anger rising inside me.,angry
I am so mad I could scream at the top of my lungs.,angry
I am infuriated by the unfairness of this situation.,angry
I want to throw something across the room I am so angry.,angry
I am outraged by what I just found out.,angry
People keep pushing my buttons and I have had enough.,angry
I am furious and I need something loud and aggressive to listen to.,angry
I am shaking with anger right now.,angry
I am mad at someone who keeps taking advantage of me.,angry
I was lied to again and I am absolutely done.,angry
I have never felt this level of anger before.,angry
I am raging because I was wronged and no one is listening.,angry
I am so angry that my hands are trembling.,angry
I feel a deep burning fury that I cannot shake.,angry
I am enraged by the lack of respect people show me.,angry
I am so frustrated and angry I cannot calm down.,angry
I feel like exploding from all this pent up anger.,angry
I am furious at someone who keeps hurting people I love.,angry
I am not going to tolerate this mistreatment anymore.,angry
I am mad and I need music that understands my rage.,angry
I am angry beyond words at what just happened.,angry
I feel a hot and unrelenting anger coursing through me.,angry
I am furious at the system that keeps failing people like me.,angry
I was disrespected in the worst way and I am fuming.,angry
I am boiling with rage and I need to channel it somewhere.,angry
I am so angry at myself for letting this happen again.,angry
I feel consumed by anger and I need to release it.,angry
I am mad at injustice and I refuse to stay quiet.,angry
I am furious and I want music as intense as my rage.,angry
I feel rage that has been building for a very long time.,angry
I am so angry that my jaw is clenched and my fists are tight.,angry
I am tired of people crossing my boundaries without consequences.,angry
I am absolutely livid and I cannot pretend otherwise.,angry
I am filled with a white hot anger that will not cool down.,angry
I am furious at everyone who doubted me.,angry
I am mad and I am not going to apologize for it.,angry
I am seething with anger over what was done to me.,angry
I am furious and I want music that matches this feeling.,angry
I feel an explosive anger that I am struggling to contain.,angry
I am mad about being underestimated and overlooked.,angry
I am so angry I cannot see straight right now.,angry
I feel an overwhelming fury that I need to let out.,angry
I am done with people who keep disappointing me.,angry
I am furious and I want to listen to something that gets it.,angry
I am angry and I am choosing not to suppress it this time.,angry
I am so mad I am pacing back and forth.,angry
I feel a burning and righteous anger inside me.,angry
I am furious about being manipulated by someone I trusted.,angry
I am angry and I am not going to minimize it.,angry
I feel rage building to a point I can no longer control.,angry
I am so angry about what happened that I can barely speak.,angry
I am mad and I deserve music that matches this intensity.,angry
I feel a deep and justified anger about what was done to me.,angry
I am furious and I am ready to fight back.,angry
I am so angry I need something powerful and raw to listen to.,angry
I am mad at everything and everyone right now.,angry
I am filled with anger and I refuse to swallow it down.,angry
I am furious at the injustice of it all.,angry
I am so angry and I want music that screams for me.,angry
I feel rage that burns like fire in my chest.,angry
I am mad and I am going to let this anger drive me.,angry
I am furious and I am done pretending everything is fine.,angry
I am angry and I want music that is just as intense.,angry
I am livid and I am going to use this anger constructively.,angry
I feel a powerful and unstoppable anger rising in me.,angry
I am so mad right now and I need to hear it reflected back.,angry
I am furious and I am ready to channel this into something powerful.,angry
I am angry and I am owning every bit of it.,angry
I'm going to crush this workout today! Nothing can stop me!,motivational
Every failure is just a stepping stone to success.,motivational
Starting my business today. Excited for this new chapter!,motivational
I believe in myself. I can achieve anything I set my mind to!,motivational
Training for a marathon. No pain no gain!,motivational
Going after my dreams no matter what anyone says.,motivational
Today I choose to be unstoppable.,motivational
Rising up after every fall makes me stronger.,motivational
I am ready to conquer every challenge that comes my way.,motivational
I refuse to give up on my goals no matter how hard it gets.,motivational
I am working harder than ever and I can feel my progress.,motivational
I am going to make today count for something great.,motivational
I am stronger than my excuses and bigger than my fears.,motivational
I am pushing my limits and discovering what I am truly capable of.,motivational
I have a vision and I am going to chase it relentlessly.,motivational
I am turning my struggles into fuel for my success.,motivational
I am on a mission and nothing can slow me down.,motivational
I am dedicated to becoming the best version of myself.,motivational
I am grinding every day because my goals are worth it.,motivational
I am going to keep going even when it is difficult.,motivational
"I am focused, driven, and ready to achieve everything I set out to do.",motivational
I am not going to let fear hold me back any longer.,motivational
I am waking up every day with purpose and intention.,motivational
I am building the life I want one disciplined day at a time.,motivational
I am motivated to push past my comfort zone today.,motivational
I am on the path to greatness and I will not stop.,motivational
I have a goal and I am going to give everything I have to reach it.,motivational
I am taking massive action toward my dreams today.,motivational
I am proving every doubt wrong through relentless effort.,motivational
I am hungry for success and I am going after it with everything.,motivational
I am committed to my goals even when motivation fades.,motivational
I am rising to the challenge and giving it my absolute best.,motivational
I am unstoppable when I put my mind to something.,motivational
I am going to achieve what others said was impossible.,motivational
I am channeling every obstacle into motivation.,motivational
I am betting on myself because no one else will do it for me.,motivational
I am working toward something bigger than where I currently am.,motivational
I am determined to succeed no matter how long it takes.,motivational
I am fueling my ambition with hard work and belief.,motivational
I am going all in on my dreams starting today.,motivational
I am ready to level up and do the work that others will not.,motivational
I am showing up every day regardless of how I feel.,motivational
I am living proof that consistency beats talent.,motivational
I am going to look back someday and be proud of this moment.,motivational
I am pushing myself because average was never the goal.,motivational
I am locked in and focused on what I need to accomplish.,motivational
I am disciplined enough to do what it takes to win.,motivational
I am not afraid of the hard work because I know what it leads to.,motivational
I am making progress every single day no matter how small.,motivational
I am moving forward even when the path feels impossible.,motivational
I am someone who gets up and keeps going no matter what.,motivational
I am fueled by my dreams and my refusal to settle.,motivational
I am transforming pressure into power today.,motivational
I am choosing growth over comfort every single time.,motivational
I am putting in the work while others are sleeping.,motivational
I am on the way to becoming everything I know I can be.,motivational
I am earning my success one action at a time.,motivational
I am going to leave everything I have on this journey.,motivational
I am the only one standing between me and my goals.,motivational
I am turning my vision into reality with relentless effort.,motivational
I am motivated by the version of myself I am becoming.,motivational
I am going harder today than I did yesterday.,motivational
I am showing up with full effort because I deserve the results.,motivational
I am focused on the mission and nothing else matters.,motivational
I am fighting for my goals like everything depends on it.,motivational
I am building momentum one step at a time.,motivational
I am committed to being excellent in everything I do.,motivational
I am pushing through because the other side is worth it.,motivational
I am rising above every limitation I have placed on myself.,motivational
"I am hungry, motivated, and ready to go the distance.",motivational
I am going to be the hardest working person in the room.,motivational
I am transforming my pain into power and purpose.,motivational
I am chasing my greatness with everything I have.,motivational
I am putting in the reps today so tomorrow takes care of itself.,motivational
I am building something incredible and I will not quit.,motivational
I am strong enough to handle whatever stands in my way.,motivational
I am running toward my goals at full speed.,motivational
I am living with intention and working with ferocity.,motivational
I am destined for great things and I am doing the work to prove it.,motivational
I am leveling up in every area of my life starting now.,motivational
I am the author of my success story and I am writing it today.,motivational
I am thriving on challenge and growing through difficulty.,motivational
I am committed to showing up for myself no matter what.,motivational
I am choosing excellence over comfort every single day.,motivational
I am powered by purpose and driven by possibility.,motivational
I am taking ownership of my results and going all in.,motivational
I am on fire and I am not slowing down for anything.,motivational
I am going to make myself proud with the effort I give today.,motivational
I am inspired and energized and ready to take on the world.,motivational
I am stepping into my potential with confidence.,motivational
I am proving to myself that I am capable of more.,motivational
I am building the discipline that creates the life I want.,motivational
I am going to dominate today and make every moment count.,motivational
I am unstoppable because I refuse to be stopped.,motivational
I am making moves today that will matter tomorrow.,motivational
I am pushing beyond what I thought I could handle.,motivational
I am going to succeed because giving up is not an option.,motivational
I am powered by passion and built for this moment.,motivational
I have my first job interview tomorrow. I'm terrified.,fear
There's a strange noise outside. I'm scared to check.,fear
I have anxiety about flying but I have a trip next week.,fear
Presenting in front of 500 people next week. Petrified.,fear
I'm worried something bad might happen to my family.,fear
The darkness in this neighborhood at night scares me.,fear
I feel like something terrible is about to happen.,fear
I am scared of what the future holds for me.,fear
I have a medical test result coming and I am terrified.,fear
I am afraid of losing someone I love.,fear
I get so anxious in crowded places I can barely breathe.,fear
I am scared of making the wrong decision and ruining everything.,fear
I wake up at night afraid and I do not know why.,fear
I have a deep fear that I am not good enough.,fear
I am terrified of failing at something that matters.,fear
I am afraid to open up to people because of past hurt.,fear
I have an irrational fear that will not leave me alone.,fear
I am scared of the unknown and the uncertainty ahead.,fear
I feel an overwhelming sense of dread that I cannot shake.,fear
I am afraid of being alone in the long run.,fear
I have panic attacks and they are getting worse.,fear
I am scared to take the leap even though I know I should.,fear
I have a fear of abandonment that controls my relationships.,fear
I am terrified of something going wrong at the last moment.,fear
I am afraid of my own thoughts sometimes.,fear
I feel a creeping dread that something bad is coming.,fear
I am scared of what I might find out at the doctor.,fear
I have a deep and persistent fear that I cannot name.,fear
I am terrified of losing the things and people I love most.,fear
I feel anxious and afraid and I cannot calm down.,fear
I am scared of rejection more than almost anything else.,fear
I have a fear that never really goes away.,fear
I am terrified of not living up to what is expected of me.,fear
I feel a cold and creeping fear every time I think about it.,fear
I am scared of the path I am on and where it leads.,fear
I have been afraid of this moment for a long time.,fear
I am terrified by thoughts I cannot control.,fear
I feel fear gripping my chest whenever I think about the future.,fear
I am scared that things will never get better.,fear
I have an overwhelming fear of making irreversible mistakes.,fear
I am afraid of the silence because it gives my fears too much space.,fear
I feel a bone deep fear that I cannot reason my way out of.,fear
I am scared of confrontation even when I know I am right.,fear
I have a terror of being exposed or seen as a fraud.,fear
I am afraid of what happens next after everything I have worked for.,fear
I feel fear in a way that makes my hands shake.,fear
I am scared that I will lose control of my life.,fear
I have a fear of heights that completely paralyzes me.,fear
I am terrified that history will repeat itself.,fear
I feel like something is watching me and I cannot relax.,fear
I am afraid of trusting again after being so badly hurt.,fear
I feel an impending sense of doom that I cannot escape.,fear
I am scared of the dark in a way that feels childish but is very real.,fear
I have a terrifying thought that I cannot get out of my head.,fear
I am afraid that I am not capable of handling what is coming.,fear
I feel paralyzed by fear whenever I try to move forward.,fear
I am scared of change even when I know it is necessary.,fear
I have a fear of death that keeps me up at night.,fear
I am terrified of being vulnerable with another person.,fear
I feel dread building in my body before something I cannot avoid.,fear
I am afraid of the version of events my mind keeps creating.,fear
I feel scared in a way I have not experienced in years.,fear
I am terrified that what I fear most will come true.,fear
I have nightmares about a fear I carry every day.,fear
I am scared of what people will think if they really knew me.,fear
I feel a persistent fear that shadows my every move.,fear
"I am afraid of silence, crowds, and everything in between.",fear
I have an anxiety about tomorrow that is overwhelming me today.,fear
I am scared of this feeling and where it might lead.,fear
I feel fear in every corner of my mind right now.,fear
"I am terrified of disappointment, failure, and being left behind.",fear
I have a fear that has grown bigger than I can manage alone.,fear
I am scared and I need music that feels safe and protective.,fear
I feel afraid of the possibility that everything could fall apart.,fear
I am terrified of what I found out and do not know how to process it.,fear
I have a deep anxiety that follows me everywhere I go.,fear
I am scared in a primal and unshakeable way right now.,fear
I feel fear pressing down on my chest like a heavy weight.,fear
I am terrified but I am trying to find the courage to keep going.,fear
I have a fear of the future that feels bigger than I can bear.,fear
I am scared of failing the people who believe in me.,fear
I feel afraid and I need something to help me feel less alone.,fear
I am terrified of the path ahead but I know I have to walk it.,fear
I have a fear that wakes me up in the middle of the night.,fear
I am scared of not being enough for the people I love.,fear
I feel an anxious dread that has settled into my chest.,fear
I am afraid of saying the wrong thing and losing everything.,fear
I have a fear I have never been able to fully face.,fear
I am scared of taking the next step because of what I might find.,fear
I feel afraid in a quiet and very personal way right now.,fear
I am terrified of the outcome no matter how I try to prepare.,fear
I have an anxiety that makes even ordinary things feel dangerous.,fear
I am scared and I am admitting that because it is real.,fear
I feel a fear so heavy it is hard to move.,fear
I am afraid today and I need music that holds me through it.,fear
I have a fear that lives inside me and rarely rests.,fear
I am scared of losing control of the only life I have.,fear
I feel terror at the thought of what might be coming.,fear
I am afraid and I am looking for something to hold onto.,fear
I feel empty inside. Nothing brings me joy anymore.,depressing
What's the point of anything? I can't see the light.,depressing
I've been feeling numb for weeks. Everything feels grey.,depressing
I don't want to get out of bed. Life feels meaningless.,depressing
The darkness inside me won't go away no matter what I do.,depressing
I can't remember the last time I felt something.,depressing
Every day feels like a struggle just to exist.,depressing
I feel like I am disappearing and no one notices.,depressing
I have lost the will to do things I used to love.,depressing
I feel like I am watching my life through a foggy window.,depressing
I am going through the motions but I feel nothing inside.,depressing
I wake up every day with a heaviness I cannot shake.,depressing
I feel like I am trapped in a darkness with no exit.,depressing
Nothing excites me anymore and I do not know who I am.,depressing
I feel completely disconnected from everything and everyone.,depressing
I have stopped caring about things that used to matter.,depressing
I feel like a hollow version of the person I used to be.,depressing
I am exhausted in a way that sleep does not fix.,depressing
I feel like the color has drained from my world.,depressing
I am struggling to find a single reason to keep trying.,depressing
I feel dead inside even though I am still breathing.,depressing
I have been carrying this darkness for so long I forgot the light.,depressing
I feel like a burden to everyone in my life.,depressing
I am losing myself slowly and I do not know how to stop it.,depressing
I feel like I am standing at the bottom of a very deep pit.,depressing
I have given up on the idea that things will get better.,depressing
I feel a hopelessness that is hard to explain to anyone.,depressing
I am numb and tired and I just want it all to stop.,depressing
I feel like I am grieving my own life while still living it.,depressing
"I have no energy, no purpose, and no hope right now.",depressing
I feel like I am constantly running on empty.,depressing
I have stopped dreaming because I no longer believe in anything.,depressing
I feel like the world would not miss me if I was gone.,depressing
I am in a darkness that feels permanent and inescapable.,depressing
I feel like I am fading and nobody is reaching for me.,depressing
I have lost my sense of self and I do not know how to find it.,depressing
I feel a depression that sits in my chest like a stone.,depressing
I am surviving but I am not living and the difference is clear.,depressing
I feel like I am screaming inside but nothing comes out.,depressing
I have been pretending to be okay for so long I do not know what real feels like.,depressing
I feel like joy is a language I have forgotten how to speak.,depressing
I am so tired of fighting just to feel normal.,depressing
I feel a darkness that no amount of sleep can chase away.,depressing
I have lost hope in myself and in the future.,depressing
I feel utterly and completely lost in my own life.,depressing
I am empty and I have been for longer than I can remember.,depressing
I feel like every step forward is immediately followed by two steps back.,depressing
I have stopped making plans because nothing feels worth looking forward to.,depressing
I feel a profound sadness and hopelessness that is bigger than me.,depressing
I am just existing and it does not feel like enough.,depressing
I feel like the light inside me went out and I cannot rekindle it.,depressing
I have been fighting this darkness alone for too long.,depressing
I feel like I am waiting for something that is never going to come.,depressing
I am in a pit of despair and I do not see a ladder.,depressing
I feel like my life has become a series of grey and meaningless days.,depressing
I have been crying without knowing why for days.,depressing
I feel deeply and quietly broken in a way no one can see.,depressing
I am numb to the things that should make me feel alive.,depressing
I feel like I am made of glass and one more thing will shatter me.,depressing
"I have no motivation, no direction, and no light to follow.",depressing
I feel like I am slowly disappearing and no one is looking.,depressing
I am so deep in my depression I cannot remember what normal feels like.,depressing
I feel like my existence is a burden I carry alone.,depressing
I have been silently suffering for a very long time.,depressing
I feel a hopeless and persistent sadness that surrounds me.,depressing
I am drifting through life with no anchor and no shore.,depressing
I feel like I am drowning in darkness with no one extending a hand.,depressing
I have been in this dark place for so long I am not sure of the way out.,depressing
I feel like all the light has left my world.,depressing
I am in pain and I am not sure I can keep carrying it.,depressing
I feel a depression so heavy it makes my body ache.,depressing
I have lost the ability to imagine a better tomorrow.,depressing
I feel like I am barely holding myself together.,depressing
I am struggling to find a reason to keep going today.,depressing
I feel a sadness so complete it leaves no room for anything else.,depressing
I have forgotten what it feels like to be genuinely happy.,depressing
I feel like I am a ghost in my own life.,depressing
I am carrying a darkness that no one around me can see.,depressing
I feel hollow and purposeless and deeply alone.,depressing
I have been battling this depression in silence for months.,depressing
I feel like my mind is a prison I cannot escape.,depressing
I am losing the fight against this darkness inside me.,depressing
I feel a heaviness that makes everything harder than it should be.,depressing
I have been trying to hold on but it is getting harder every day.,depressing
I feel like hope is something other people have but not me.,depressing
I am barely functioning and I do not know how much longer I can.,depressing
I feel like I am on the edge of breaking completely.,depressing
I have been empty for so long I do not know what fullness feels like.,depressing
I feel a darkness that has settled in and made itself at home.,depressing
I am in so much pain that I cannot find words for it.,depressing
I feel like I am existing but not truly alive.,depressing
I have no energy to pretend anymore.,depressing
I feel deeply depressed and I am reaching out through music.,depressing
I am struggling more than anyone knows and I need something to hold onto.,depressing
I feel like I am disappearing one day at a time.,depressing
I have been in this dark place and I am not sure I deserve to leave it.,depressing
I feel a depression so complete it has become my whole identity.,depressing
I am suffering quietly and I just need to feel less alone right now.,depressing
I just found out I'm pregnant! Complete shock!,surprising
My long lost sibling just called me out of nowhere!,surprising
Won the lottery today. I still can't believe it!,surprising
My boss just gave me an unexpected bonus. What a surprise!,surprising
Ran into my childhood friend at the airport in another country!,surprising
Opened my mail and found I had inherited money from an uncle I never knew.,surprising
The twist at the end of this story completely blew my mind!,surprising
I just received a package I did not order and it is incredible!,surprising
Something completely unexpected happened today and I am still processing it.,surprising
I was shocked by a piece of news I never saw coming.,surprising
An old friend I lost touch with suddenly showed up at my door.,surprising
I discovered something today that changed everything I thought I knew.,surprising
I just witnessed something that defies explanation.,surprising
Something miraculous and completely unplanned happened today.,surprising
I received the most unexpected compliment from the most unexpected person.,surprising
A total stranger did something so incredibly kind I was stunned.,surprising
I walked into a room and was completely surprised by what I found.,surprising
I just learned something about myself that I never expected.,surprising
An unexpected opportunity just landed in my lap.,surprising
Something happened today that I would never have predicted in a million years.,surprising
I was absolutely blindsided by the news I just received.,surprising
I cannot believe what just happened. I am completely astonished.,surprising
Something turned out completely differently than I ever imagined.,surprising
I was surprised by an act of generosity that took my breath away.,surprising
A strange and wonderful coincidence just occurred in my life.,surprising
I found out something today that shook me to my core.,surprising
I just experienced something that seemed completely impossible.,surprising
An unexpected plot twist in my real life just unfolded.,surprising
I am still in disbelief over what just happened to me.,surprising
Something caught me completely off guard today in the best way.,surprising
I received shocking news that I am still trying to wrap my head around.,surprising
I just stumbled upon something I was not supposed to find.,surprising
Something unexpected happened and it changed my whole day.,surprising
I was totally surprised by what I discovered today.,surprising
Something completely random and wonderful just happened.,surprising
I was caught completely off guard by a turn of events today.,surprising
An unexpected coincidence happened that felt like fate.,surprising
I discovered something today that I cannot stop thinking about.,surprising
Something happened out of nowhere and now I cannot stop smiling.,surprising
I was genuinely shocked and surprised by what I just experienced.,surprising
I did not see that coming and I am still reeling.,surprising
Something unbelievable just happened and I need a moment.,surprising
I just witnessed something so unexpected it left me speechless.,surprising
An incredible surprise just fell into my life.,surprising
I was stunned by an event I could not have predicted.,surprising
Something happened today that I will be talking about for years.,surprising
I am astonished by the turn this day has taken.,surprising
Something completely out of left field just happened to me.,surprising
I just found out something that genuinely surprised me.,surprising
An unexpected development completely changed my perspective.,surprising
I was caught off guard in a way that left me breathless.,surprising
Something entirely unforeseen happened and I am amazed.,surprising
I just experienced a moment so surprising it gave me chills.,surprising
A completely unexpected event just unfolded in my life.,surprising
I am in a state of disbelief over what just occurred.,surprising
Something surprising happened and it completely changed my mood.,surprising
I just received news that I genuinely did not see coming.,surprising
An unexpected encounter today left me completely stunned.,surprising
I was surprised by a revelation that changed everything.,surprising
Something happened today that made me question everything I assumed.,surprising
I am still processing the shock of what just happened.,surprising
Something turned out the complete opposite of what I expected.,surprising
I am genuinely astonished by the direction my day took.,surprising
An unexpected moment of magic happened in my ordinary day.,surprising
I just experienced something I would not have believed possible.,surprising
I am still picking my jaw up off the floor.,surprising
Something happened today that I will never see coming a second time.,surprising
I was so surprised I literally could not speak for a moment.,surprising
An entirely unexpected chapter just opened in my life.,surprising
I just found out something that shocked me to my core.,surprising
Something happened today that completely defied my expectations.,surprising
I am surprised in a way that makes me want to celebrate.,surprising
An unexpected gift arrived in my life today.,surprising
Something so unlikely happened today that I had to check if I was dreaming.,surprising
I was stunned by a moment I will carry with me forever.,surprising
A surprise so good I had to share it with everyone.,surprising
I experienced something today that I genuinely cannot explain.,surprising
I am still amazed by what just happened out of nowhere.,surprising
Something completely unexpected brought me to tears of disbelief.,surprising
I just found out something that flipped my world upside down.,surprising
An extraordinary surprise just walked into my life.,surprising
I am in shock over the best possible kind of news.,surprising
Something happened today that nobody could have predicted.,surprising
I am still shaking from the surprise of what just unfolded.,surprising
Something unexpected happened that made everything feel possible again.,surprising
I was completely caught off guard by something wonderful.,surprising
An event occurred today that I will never stop being amazed by.,surprising
I am genuinely surprised and I love this feeling.,surprising
Something surprised me today in the most delightful way.,surprising
I was startled by how unexpectedly beautiful today turned out.,surprising
An unplanned moment became the highlight of my entire year.,surprising
I am amazed at how life can surprise you when you least expect it.,surprising
Something happened today that reminded me anything is possible.,surprising
I just experienced something unprecedented and I am still in awe.,surprising
I am surprised and grateful and filled with wonder.,surprising
Something unexpected happened and it was the best possible outcome.,surprising
I was surprised by a moment that felt like pure magic.,surprising
I just found out something that left me completely astonished.,surprising
I have three deadlines tomorrow and I haven't started any of them.,stressed
My boss wants the report in an hour. I'm overwhelmed.,stressed
"Balancing work, school, and family is burning me out.",stressed
I can't sleep because I'm thinking about everything I need to do.,stressed
Finals week is here and I feel like I'm drowning.,stressed
"Too many responsibilities, not enough time. Completely overwhelmed.",stressed
I am running on fumes and still have so much left to do.,stressed
I feel like I am about to break under all this pressure.,stressed
I have so many things on my plate I cannot think straight.,stressed
I am overwhelmed by everything coming at me at once.,stressed
I feel like I am constantly behind no matter how hard I try.,stressed
I am under so much pressure that my head is pounding.,stressed
I cannot relax because my to do list never gets shorter.,stressed
I am stretched so thin I feel like I could snap.,stressed
I am so stressed I cannot eat or sleep properly.,stressed
I feel like I am spinning plates and they are all about to fall.,stressed
I am drowning in responsibilities and I cannot come up for air.,stressed
I have not had a moment of peace in weeks.,stressed
I feel the weight of a thousand tasks pressing down on me.,stressed
I am so stressed my hands are shaking.,stressed
I cannot switch off my brain no matter how tired I am.,stressed
I am overwhelmed by life and I just need a break.,stressed
I feel like I am in constant crisis mode.,stressed
I am carrying so much stress that my body feels it.,stressed
I have too much to do and too little time to do it.,stressed
I feel like I am always one step away from falling apart.,stressed
"I am running on caffeine, anxiety, and sheer willpower.",stressed
I feel like I cannot breathe from all the pressure.,stressed
I am so stressed that even small things feel monumental.,stressed
I have been in overdrive for so long I have forgotten what calm feels like.,stressed
I feel like I am barely keeping my head above water.,stressed
I am overwhelmed and I need something to help me decompress.,stressed
I feel crushed under the weight of everything I need to do.,stressed
"I am stressed about money, work, relationships, and everything else at once.",stressed
I feel like time is always running out and I am never catching up.,stressed
I am so tense my shoulders have been up by my ears all week.,stressed
I feel an unbearable pressure that is affecting every area of my life.,stressed
I am overwhelmed and exhausted and I need relief.,stressed
I feel like stress has become my permanent state of being.,stressed
I am running at full capacity with nothing left in the tank.,stressed
I feel like I am constantly in emergency mode.,stressed
I am stressed and I need music to help me decompress.,stressed
I have too much on my mind and I cannot find peace.,stressed
I feel overwhelmed by the gap between where I am and where I need to be.,stressed
I am so stressed that I cannot focus on any single thing.,stressed
I feel like the walls are closing in from every direction.,stressed
I am under intense pressure and I am struggling to manage.,stressed
I feel the constant weight of expectations crushing me.,stressed
I am so stressed I have been snapping at people I love.,stressed
I need to unwind but my brain refuses to let me rest.,stressed
I am overwhelmed by the sheer volume of things demanding my attention.,stressed
I feel like I am always behind and I can never catch up.,stressed
I am carrying the weight of too many people's problems.,stressed
I feel a chronic stress that is starting to affect my health.,stressed
I am overwhelmed and my body is sending me warning signs.,stressed
I feel stressed about things I cannot even control.,stressed
I am spinning out from all the things I am juggling.,stressed
I feel an anxiety that is tightly wound around my chest.,stressed
I am stressed to the point where I cannot function properly.,stressed
I feel like I am always one crisis away from collapsing.,stressed
I have been in stress mode for so long I do not know anything else.,stressed
I feel like I am being pulled in ten different directions.,stressed
I am overwhelmed by the pace of my own life.,stressed
I feel stressed and I need music to help me breathe again.,stressed
I am so overwhelmed that I do not even know where to start.,stressed
I feel tension in every muscle from carrying this much stress.,stressed
I am drowning in a sea of obligations and expectations.,stressed
I feel an impossible level of stress that I cannot manage alone.,stressed
"I am overwhelmed, underprepared, and running out of time.",stressed
I feel like I am always in reaction mode instead of rest mode.,stressed
I am stressed and I need something to help calm the noise.,stressed
I feel an overwhelming pressure that I cannot release.,stressed
I am burnt out from trying to keep up with everything.,stressed
I feel stressed in a way that has become normal and that scares me.,stressed
I am overwhelmed by the demands of life and I need relief.,stressed
I feel pulled apart by all the things that need me.,stressed
I am stressed beyond capacity and I need to decompress.,stressed
I feel like I am constantly juggling fire.,stressed
I am under so much stress that I cannot enjoy anything.,stressed
I feel an all consuming anxiety about everything on my plate.,stressed
I am overwhelmed and I am looking for music to calm me down.,stressed
I feel stressed and tired and in desperate need of peace.,stressed
I am so overwhelmed I do not know where to begin.,stressed
"I feel the stress in my body, my mind, and my spirit.",stressed
I am burnt out and I need something soothing right now.,stressed
I feel too much pressure and not enough time or energy.,stressed
I am stressed out and I need music that helps me breathe.,stressed
I feel completely overwhelmed and I am asking for help through music.,stressed
I am at my limit and I need to find my way back to calm.,stressed
I feel an unbearable level of stress that I cannot carry alone.,stressed
I am overwhelmed and I need music to be my release valve.,stressed
I feel like stress is eating me alive and I need relief.,stressed
I am exhausted by my own stress and I need to let it go.,stressed
I feel maxed out in every possible way.,stressed
I am stressed and I am choosing music as my therapy right now.,stressed
I feel like my nervous system has been on overdrive for weeks.,stressed
I am overwhelmed and I just need something to take the edge off.,stressed
I feel completely overloaded and I need music to help me reset.,stressed
Just finished meditating. Feeling so peaceful and centered.,calm
Sitting by the ocean and watching the sunset. Pure bliss.,calm
Everything is in order and I feel at peace with the world.,calm
Reading a good book with a cup of tea. Perfectly content.,calm
A quiet Sunday morning with no plans. This is what I needed.,calm
Breathing slowly and letting the tension dissolve.,calm
The world is quiet tonight and I feel at home in myself.,calm
I feel a deep and settled peace that I have not felt in a while.,calm
I am in a state of complete relaxation and ease.,calm
I feel still and quiet inside today.,calm
I am enjoying the simple pleasure of doing absolutely nothing.,calm
I feel a gentle serenity that is slowly filling every part of me.,calm
I am taking deep breaths and letting everything go.,calm
I feel completely at peace with where I am right now.,calm
I am resting in a moment of beautiful stillness.,calm
I feel like the world has slowed down and I am grateful.,calm
I am letting go of all tension and just being present.,calm
I feel a soft and steady calm that does not need anything.,calm
I am fully relaxed and grounded in this moment.,calm
I feel the peacefulness of a world at rest.,calm
I am at ease with myself and everything around me.,calm
I feel a tranquility that is both deep and effortless.,calm
I am savoring the quiet and the stillness of this moment.,calm
I feel completely unhurried and unbothered today.,calm
I am in perfect harmony with myself and my surroundings.,calm
I feel the kind of calm that only comes after a long storm.,calm
I am gently unwinding and letting the day melt away.,calm
I feel a peaceful clarity that makes everything feel manageable.,calm
I am breathing easily and feeling completely settled.,calm
I feel a warm and steady contentment inside.,calm
I am sitting with myself in comfortable silence.,calm
I feel the beauty of a truly peaceful moment.,calm
I am free from worry and full of quiet gratitude.,calm
I feel so relaxed I can barely keep my eyes open.,calm
I am enjoying a rare and precious moment of stillness.,calm
I feel the kind of peace that comes from being fully present.,calm
I am releasing all tension with every breath I take.,calm
I feel a deep inner quiet that nothing can disturb.,calm
I am in the most serene and restful state I have been in.,calm
I feel completely settled and at home in my own skin.,calm
I am doing nothing and everything feels fine.,calm
I feel a profound sense of ease and well being.,calm
I am wrapped in a blanket of complete and total calm.,calm
I feel at one with the quiet rhythm of this moment.,calm
I am fully at rest and it feels absolutely wonderful.,calm
I feel a soft happiness that does not ask anything of me.,calm
I am releasing the need to control anything right now.,calm
I feel utterly peaceful in a way that is hard to put into words.,calm
"I am at peace with myself, my past, and my future.",calm
I feel like the whole world is gently humming in harmony.,calm
I am truly and deeply at ease right now.,calm
I feel the quiet joy of simply existing in a beautiful moment.,calm
I am breathing in peace and breathing out all that is not.,calm
I feel completely protected and held by this stillness.,calm
I am letting the calm wash over me like a gentle wave.,calm
I feel as though all my burdens have been lifted for now.,calm
I am in a state of beautiful inner calm.,calm
I feel the deep satisfaction of a mind that is finally quiet.,calm
I am resting deeply and it is exactly what I needed.,calm
I feel completely aligned and at peace with my life today.,calm
I am in perfect stillness and I do not want to move.,calm
I feel a gentle warmth and comfort in this moment of peace.,calm
I am fully present and completely at rest.,calm
I feel the most peaceful I have felt in a very long time.,calm
I am in a state of deep and nourishing calm.,calm
I feel the soothing quality of silence and stillness.,calm
"I am completely unhurried, unbothered, and at peace.",calm
I feel a profound contentment that does not need more.,calm
I am resting in the healing power of stillness.,calm
I feel completely okay with everything being exactly as it is.,calm
I am in a state of beautiful and effortless peace.,calm
I feel a calm so complete it feels like a kind of grace.,calm
"I am allowing myself to simply be, without effort or agenda.",calm
I feel a deep and welcome sense of rest and peace.,calm
I am in the most tranquil state of being I have known.,calm
I feel a spacious and open calm in every part of my being.,calm
"I am fully relaxed, fully present, and fully at peace.",calm
I feel the kind of calm that heals you from the inside out.,calm
I am resting in a moment of quiet and sacred stillness.,calm
I feel completely held by the peace of this moment.,calm
I am breathing slowly and feeling completely whole.,calm
I feel a deep serenity that is slowly restoring me.,calm
I am at total peace and it is absolutely beautiful.,calm
I feel the gentle and restorative power of true calm.,calm
I am in the most settled and peaceful state I have been in.,calm
I feel a quiet joy that is all the more precious for its simplicity.,calm
I am releasing everything I do not need and resting in peace.,calm
I feel completely at home in the stillness of this moment.,calm
"I am content, calm, and completely at ease.",calm
I feel a peace so deep it reaches my very bones.,calm
I am surrounded by quiet and I am completely okay.,calm
I feel completely in tune with the slow and gentle rhythm of life.,calm
"I am fully rested, fully present, and fully at peace with myself.",calm
I feel a deep inner stillness that is nourishing every part of me.,calm
I am at peace and that is more than enough.,calm
I feel the profound beauty of a truly still and quiet moment.,calm
"I am calm, grounded, and completely at rest.",calm
I have 500 friends on social media but I feel completely alone.,lonely
Moved to a new city and don't know anyone here.,lonely
Everyone seems to have their own lives. Nobody checks on me.,lonely
Sitting at home alone on a Friday night. Missing connection.,lonely
Even in a crowd I feel isolated and invisible.,lonely
The silence in my apartment is deafening tonight.,lonely
I texted three people and no one replied.,lonely
I feel a loneliness so deep it is physically painful.,lonely
I am surrounded by people and yet I have never felt more alone.,lonely
I miss having someone who genuinely knows me.,lonely
I feel like I do not belong anywhere or with anyone.,lonely
"I eat alone, come home to an empty house, and feel invisible.",lonely
I have no one to call when I am struggling.,lonely
I feel like I am on the outside of every circle.,lonely
I miss having a real and meaningful connection with someone.,lonely
I feel a hollow loneliness that nothing seems to fill.,lonely
I am watching everyone else live their lives while I sit alone.,lonely
I feel like I could disappear and no one would notice.,lonely
I am deeply lonely and I am not sure how to change that.,lonely
I miss being truly known by another person.,lonely
I feel like an island in the middle of a crowded ocean.,lonely
I have not had a real conversation in days.,lonely
I feel alone in ways I cannot always explain.,lonely
I miss having someone to share small moments with.,lonely
I feel like I am living a life no one is truly witnessing.,lonely
I am lonely and it is starting to affect everything.,lonely
I feel the ache of loneliness in a very real and physical way.,lonely
I miss the kind of closeness that makes you feel seen.,lonely
I feel isolated from the world around me.,lonely
I am alone tonight and the weight of it is heavy.,lonely
I feel like I am always the one who reaches out first.,lonely
I miss having a person I can count on completely.,lonely
I feel a loneliness that is quiet and constant.,lonely
I am disconnected from the people in my life.,lonely
I feel like I have been forgotten by the people I care about.,lonely
I am alone and I am struggling with it tonight.,lonely
I feel the loneliness of not having anyone to come home to.,lonely
I miss feeling like I matter to someone.,lonely
I feel unseen and unknown in every room I walk into.,lonely
I am carrying my loneliness very quietly and it is getting heavy.,lonely
I feel like I am existing in a world that does not notice me.,lonely
I miss having a friend who just gets me.,lonely
I feel a deep and persistent loneliness that follows me everywhere.,lonely
I am alone with my thoughts and they are not good company.,lonely
I feel the loneliness of not having someone who truly cares.,lonely
I am by myself and I am not sure I have ever felt more isolated.,lonely
I feel a quiet but consuming loneliness every evening.,lonely
I miss genuine human connection more than I can say.,lonely
I feel like everyone I know is busy living their lives elsewhere.,lonely
I am lonely in a way that makes me doubt my worth.,lonely
I feel the absence of connection like an open wound.,lonely
I miss someone to talk to who actually listens.,lonely
I feel like I am walking through life with no one beside me.,lonely
I am alone and I am searching for a feeling of belonging.,lonely
I feel the loneliness of being the last one without a partner.,lonely
I miss someone who would notice if I went quiet.,lonely
I feel deeply isolated from the life I imagined for myself.,lonely
I am lonely and I need music that understands that feeling.,lonely
I feel like I am the only one not included.,lonely
I miss having a home that feels full of warmth and presence.,lonely
I feel the loneliness of living far from the people I love.,lonely
I am alone on a night that feels longer than most.,lonely
I feel like connection is something that happens to other people.,lonely
I miss someone to say goodnight to.,lonely
I feel a solitude that has stopped feeling peaceful and started feeling painful.,lonely
I am lonely and I am not ashamed to say so.,lonely
I feel the sadness of being alone at the end of another long day.,lonely
I miss having a person who makes me feel less alone in the world.,lonely
I feel like I am invisible to the people around me.,lonely
I am carrying a loneliness that I do not know how to set down.,lonely
I feel like everyone has someone except me.,lonely
I miss feeling like I belonged somewhere.,lonely
I feel a loneliness that echoes in every empty room.,lonely
I am alone and I wish it did not hurt this much.,lonely
I feel disconnected from everything that once felt familiar.,lonely
I miss having someone who would just sit with me.,lonely
I feel the particular loneliness of being among people who do not see you.,lonely
I am longing for a connection that feels real and lasting.,lonely
I feel like I am always on the outside looking in.,lonely
I miss having someone who remembers the small details about me.,lonely
I feel a loneliness so deep it has become my background noise.,lonely
I am alone and it feels heavier tonight than usual.,lonely
I feel like I have drifted away from everyone I once felt close to.,lonely
I miss being someone's first call.,lonely
I feel a quiet and pervasive loneliness that never fully leaves.,lonely
I am lonely and I just want music to keep me company.,lonely
I feel like the world is connected and I am not.,lonely
I miss the comfort of a person who truly understands me.,lonely
I feel a bone deep loneliness that sleep does not cure.,lonely
I am alone again tonight and I am really feeling it.,lonely
I feel like I have been forgotten and it hurts deeply.,lonely
I miss feeling like I mattered to someone specific.,lonely
I feel a loneliness that music sometimes helps to ease.,lonely
I am alone and I need something that feels like company.,lonely
I feel the kind of loneliness that makes you question everything.,lonely
I miss belonging to a person or a place.,lonely
I feel an isolation so complete it takes my breath away.,lonely
I am lonely tonight and I need music that holds me.,lonely
I feel unseen and unloved and deeply alone.,lonely
I'm so in love. Every moment with them feels magical.,romantic
Got flowers from my partner unexpectedly. My heart is full.,romantic
Planning a surprise date for my anniversary. Love is beautiful.,romantic
The way they look at me makes me feel like the only person in the world.,romantic
First date tonight! I have butterflies!,romantic
Love letters remind me why I fell for them in the first place.,romantic
Everything feels brighter when they are around.,romantic
I am completely and utterly in love and it is the most beautiful feeling.,romantic
I feel butterflies every single time I see them.,romantic
I am falling deeper in love with every passing day.,romantic
I want to hold their hand and never let go.,romantic
Being with them feels like coming home.,romantic
I feel a love so full and warm it lights up every room.,romantic
I am head over heels and I do not want to come back down.,romantic
I have never felt this safe and cherished by another person.,romantic
I feel a love that grows stronger every single day.,romantic
I am in love in a way that makes ordinary moments feel extraordinary.,romantic
I feel the butterflies whenever I hear their name.,romantic
I want to dance with them in the kitchen at midnight.,romantic
I feel a romance so tender and real it takes my breath away.,romantic
I am completely devoted to the person I love.,romantic
I feel like love is the most beautiful thing in the entire world.,romantic
I am writing them a love letter because words feel like not enough.,romantic
I feel a warmth whenever I think about us.,romantic
I am so deeply in love that everything else fades away.,romantic
I feel seen and cherished and truly loved.,romantic
I want to spend every remaining day with the person who makes me feel whole.,romantic
I feel a romance that is soft and strong at the same time.,romantic
I am in the middle of a love story and I hope it never ends.,romantic
I feel my heart skip every time they walk into the room.,romantic
I am so grateful to have found someone who loves me like this.,romantic
I feel a deep and abiding love that grows quieter and stronger with time.,romantic
I want to kiss them in the rain just because I can.,romantic
I feel a love that is both electric and peaceful.,romantic
I am in love and every song feels like it was written for us.,romantic
I feel the kind of love poets have always written about.,romantic
I am completely smitten and I could not be happier.,romantic
I feel a romantic longing when we are apart.,romantic
I am in love with someone who makes me a better person.,romantic
I feel a tenderness toward them that I have never felt for anyone.,romantic
I want to hold them close and stay like this forever.,romantic
I feel a love that is both passionate and peaceful.,romantic
I am falling for someone and every step feels like flying.,romantic
I feel the warmth of being truly and completely loved.,romantic
I am deeply and happily in love with my favorite person.,romantic
I feel a romance that is soft and warm and completely real.,romantic
I am in love and I want to celebrate it with beautiful music.,romantic
I feel a longing for them whenever they are not near.,romantic
I am in the most beautiful season of my love life.,romantic
I feel a love that is everything I ever hoped it could be.,romantic
I am completely enchanted by the person I love.,romantic
I feel like loving them is the most natural thing I have ever done.,romantic
I am in love and I want the whole world to know.,romantic
I feel a romance so real it makes fiction seem pale.,romantic
I am devoted to someone who has become my whole heart.,romantic
I feel a deep and abiding love that asks nothing and gives everything.,romantic
I am in love and I am not afraid to say it.,romantic
I feel the most romantic version of myself when I am with them.,romantic
I am writing their name everywhere because I am that in love.,romantic
I feel a love that is both grounding and elevating.,romantic
I am completely captivated by the person I love.,romantic
I feel a tenderness so overwhelming I cannot put it into words.,romantic
I am in love with someone who makes every day worth waking up for.,romantic
I feel the most alive when I am with them.,romantic
I am completely and joyfully consumed by this love.,romantic
I feel a romance that makes my heart ache in the best possible way.,romantic
I am in love and every moment we share is precious.,romantic
I feel a love that is steady and warm and completely mine.,romantic
I am completely devoted to someone who has become my home.,romantic
I feel a love so large it barely fits inside my chest.,romantic
I am in love and it is the best thing I have ever felt.,romantic
I feel a romance that is growing more beautiful every single day.,romantic
I am completely smitten with someone who is everything to me.,romantic
I feel the warmth of a love that holds me gently.,romantic
I am so in love that even sad songs feel hopeful.,romantic
I feel a romantic joy that colors my whole world.,romantic
I am in love with someone who loves me back just as fiercely.,romantic
"I feel a love that is full of warmth, laughter, and tenderness.",romantic
I am completely at home in this love we have built together.,romantic
I feel the rush of falling in love every time I see them.,romantic
I am in love and I want music that captures this feeling perfectly.,romantic
I feel the magic of a love story still being written.,romantic
I am head over heels for someone who makes my heart sing.,romantic
I feel a romance that is quiet and loud and everything in between.,romantic
I am in love and I am savoring every sweet moment.,romantic
I feel a deep and genuine love that I know is real.,romantic
I am completely and utterly devoted to the person I love.,romantic
I feel the kind of love that makes you believe in everything.,romantic
I am in love and it is the most beautiful adventure.,romantic
I feel a romance so perfect I never want it to end.,romantic
I am falling in love every day with the same wonderful person.,romantic
I feel a love that is patient and kind and endlessly generous.,romantic
I am in love and every moment feels like a gift.,romantic
I feel a warmth and fullness from being loved and loving in return.,romantic
I am completely and happily lost in this love.,romantic
I feel a romance that makes everything in life feel more vivid.,romantic
I am in love in a way that changes you for the better.,romantic
I feel a love so beautiful and so true I want to share it with music.,romantic
I am in love and I need a soundtrack worthy of this feeling.,romantic
Heard that song from 2008 and suddenly I'm 16 again.,nostalgic
Found my old diary. Remembering who I used to be.,nostalgic
Drove past my childhood home today. So many memories.,nostalgic
Rewatching old cartoons from my childhood. Simpler times.,nostalgic
Old photos with friends I've lost touch with. Miss those days.,nostalgic
The smell of that food reminds me of my grandmother's kitchen.,nostalgic
Listening to the music I grew up with fills me with bittersweet longing.,nostalgic
I stumbled upon an old playlist and felt transported back in time.,nostalgic
I am overwhelmed by memories of a time that no longer exists.,nostalgic
I miss the version of my life that feels like it belongs to another person.,nostalgic
I found something that brought back a flood of memories.,nostalgic
I am thinking about the places and people that shaped who I am.,nostalgic
I long for the simplicity of a childhood afternoon.,nostalgic
I miss the friends I had before life pulled us in different directions.,nostalgic
I am remembering a summer that felt like it would last forever.,nostalgic
I feel a deep yearning for moments I cannot get back.,nostalgic
I am listening to songs that feel like a time machine.,nostalgic
I miss the person I was before things got so complicated.,nostalgic
I feel a beautiful and bittersweet longing for the past.,nostalgic
I am thinking about a place I used to love that I can never return to.,nostalgic
I miss the way things used to feel before I grew up.,nostalgic
I am drowning in memories of a time when life was easier.,nostalgic
I feel nostalgic for the people I used to be close to.,nostalgic
I miss the innocence and wonder of my younger years.,nostalgic
I am remembering a friendship that time and distance slowly erased.,nostalgic
I feel a tender ache for the past and the people in it.,nostalgic
I am thinking about a chapter of my life that is now closed.,nostalgic
I miss the sounds and smells of a home that no longer exists.,nostalgic
I feel a deep and loving nostalgia for everything I have grown from.,nostalgic
I am longing for a simpler time when everything felt possible.,nostalgic
I miss a version of my life that felt full of magic.,nostalgic
I am remembering moments that felt ordinary then but extraordinary now.,nostalgic
I feel the ache of missing something I cannot name but clearly feel.,nostalgic
I am thinking about old traditions that have faded with time.,nostalgic
I miss the roads and streets that hold my oldest memories.,nostalgic
I feel a sweet and melancholy longing for what once was.,nostalgic
I am remembering a time when the world felt bigger and more full of wonder.,nostalgic
I miss the feeling of summers that seemed to last forever.,nostalgic
I am lost in memories of people who helped make me who I am.,nostalgic
I feel the bittersweetness of growing up and moving on.,nostalgic
I am thinking about a past version of myself with a mix of love and longing.,nostalgic
I miss the days when everything felt new and full of possibility.,nostalgic
I feel a nostalgia so powerful it makes my chest ache.,nostalgic
I am remembering the people who were once my whole world.,nostalgic
I miss a particular feeling from childhood that I cannot recreate.,nostalgic
I feel a gentle sadness for the things I have outgrown.,nostalgic
I am listening to old songs and letting the memories wash over me.,nostalgic
I miss the time in my life when I did not have to worry so much.,nostalgic
I feel a longing for the past that is not sadness but something softer.,nostalgic
I am thinking about the version of my hometown that only exists in memory.,nostalgic
I miss the feeling of being young and invincible.,nostalgic
I feel a tender nostalgia for the life I used to have.,nostalgic
I am remembering old holidays that no longer happen the same way.,nostalgic
I miss the smell and sound and feeling of a home I grew up in.,nostalgic
I feel a longing for a time when life felt slower and more full.,nostalgic
I am wrapped in memories of people I no longer get to see.,nostalgic
I miss the friends who knew me before I became who I am now.,nostalgic
I feel the ache of nostalgia on a quiet and reflective evening.,nostalgic
I am remembering a version of myself that I loved and have left behind.,nostalgic
I miss the feeling of everything being new and full of first times.,nostalgic
I feel a bittersweet longing for the years that have slipped by.,nostalgic
I am thinking about old photographs and feeling deeply moved.,nostalgic
I miss the laughter of people who are no longer in my daily life.,nostalgic
I feel a nostalgic warmth when I think about where I came from.,nostalgic
I am remembering a season of life that was full and bright.,nostalgic
I miss the old neighborhood and the kids I grew up beside.,nostalgic
I feel a longing for the rituals and routines of my earlier years.,nostalgic
I am lost in a beautiful and melancholy nostalgia tonight.,nostalgic
I miss a certain time of year that always felt magical.,nostalgic
I feel deeply nostalgic for something I cannot fully articulate.,nostalgic
I am remembering the books and films and songs of my youth.,nostalgic
I miss the certainty and simplicity of being young.,nostalgic
I feel a nostalgia that is both joyful and quietly heartbreaking.,nostalgic
I am thinking about conversations that I wish had lasted longer.,nostalgic
I miss a chapter of my life that closed before I was ready.,nostalgic
I feel the weight and sweetness of a life already partly lived.,nostalgic
I am remembering a journey that shaped who I became.,nostalgic
I miss the people who were once at the center of my universe.,nostalgic
I feel a nostalgic pull toward the past on a quiet night.,nostalgic
I am thinking about the dreams I had when I was young.,nostalgic
I miss the world as I understood it before I knew too much.,nostalgic
I feel a deep and tender longing for times I cannot return to.,nostalgic
I am remembering a relationship that was once everything to me.,nostalgic
I miss the energy and optimism of a younger version of myself.,nostalgic
I feel a nostalgic ache for holidays spent in houses that are gone.,nostalgic
I am lost in the warm amber light of old and treasured memories.,nostalgic
I miss the feeling that everything was still ahead of me.,nostalgic
I feel nostalgia like a gentle hand resting on my shoulder.,nostalgic
I am thinking about the moments that made me who I am today.,nostalgic
I miss a world that existed before everything became so complicated.,nostalgic
I feel a longing for the people and places that built me.,nostalgic
I am remembering a time when I did not know what I had until it was gone.,nostalgic
I miss a life I once lived that felt perfect in its own way.,nostalgic
I feel a nostalgia for the small and beautiful moments of my past.,nostalgic
I am thinking about the past with love and a little bit of grief.,nostalgic
I miss the feeling of home that a place or person once gave me.,nostalgic
I feel a tender and aching longing for everything that shaped who I am.,nostalgic
I am lost in nostalgia tonight and I want music to take me there.,nostalgic
I feel a sadness that no words can capture properly.,sad
I am hurting quietly and hoping tomorrow is better.,sad
I am furious and I am not going to pretend otherwise.,angry
I am so mad right now and I need music to match.,angry
I feel a burning anger that I am done suppressing.,angry
I am going to outwork everyone who ever doubted me.,motivational
I am proving every single day that I belong here.,motivational
I am afraid and I am trying to be brave anyway.,fear
I feel a darkness that has been with me far too long.,depressing
I am struggling and I do not know how to ask for help.,depressing
I am still in awe of the unexpected thing that just happened.,surprising
Something so surprising occurred that I am still speechless.,surprising
I am overwhelmed and I need something to calm me down.,stressed
I feel the stress in every part of my body right now.,stressed
I am breathing deeply and letting all the stress dissolve.,calm
I feel a complete and total peace right now.,calm
I am resting and it feels absolutely perfect.,calm
I miss the life I had before everything changed so much.,nostalgic
I feel nostalgic for a time I cannot get back.,nostalgic
I am in love and every song reminds me of them.,romantic
I feel alone and I am letting music fill the silence.,lonely
