text,suggested_emotion
"Finally passed my defense, I can't stop smiling!",happy
Ang saya ng araw ko today kasama barkada,happy
"Got a free coffee this morning, small win",happy
We won the intrams basketball game!!,happy
"My dog died this morning and I keep crying",sad
"I miss my lola, it's been a year since she passed",sad
Nakakalungkot di ako nakapasa sa board exam,sad
"My best friend is moving abroad next week",sad
I'm so mad my groupmate deleted our files,angry
Nakakainis yung prof namin unfair talaga,angry
"Stop interrupting me every single time I talk",angry
"The driver cut me off and then yelled at ME",angry
"Let's go, today I'm finishing this whole module",motivational
Kaya ko 'to! Laban lang,motivational
"I want to start running every morning, need a push",motivational
"Gym time, time to beat my personal record",motivational
I heard footsteps outside my window at 2am,fear
"Natatakot ako sa results ng medical test ko",fear
"The plane is shaking so much right now",fear
"I'm scared I'll get lost in a new city alone",fear
"Days just blur together and nothing feels worth it",depressing
Parang wala nang kulay ang mundo ko,depressing
"I stay in bed all day and don't even want to eat",depressing
"Everything feels heavy and gray lately",depressing
Wait WHAT he proposed to her in the mall??,surprising
"I didn't expect to get the scholarship, I'm shocked",surprising
Grabe di ko inexpect na pupunta sila dito,surprising
"Out of nowhere my old teacher messaged me",surprising
"Three deadlines tomorrow and the server is down",stressed
Ang dami kong gagawin di ko na alam uunahin,stressed
"My boss keeps adding tasks and I can't keep up",stressed
"Exam in 2 hours and I haven't reviewed",stressed
"Sitting by the beach listening to the waves",calm
Chill lang ako dito sa bahay umuulan,calm
"Just finished my tea, everything feels peaceful",calm
"Slow Sunday morning, no plans at all",calm
"Everyone has plans this weekend except me",lonely
Wala akong makausap ngayon,lonely
"Eating dinner by myself again tonight",lonely
"I moved to Manila for work and I don't know anyone",lonely
I can't stop thinking about her smile,romantic
"Date night with my boyfriend later, kinikilig ako",romantic
"Our first anniversary is tomorrow",romantic
"He held my hand during the movie",romantic
"Found my old Pokemon cards, childhood memories",nostalgic
Naalala ko yung mga summer sa probinsya dati,nostalgic
"Listening to songs from high school makes me miss those days",nostalgic
"Walked past my old elementary school today",nostalgic
"Graduating tomorrow, happy but scared of what's next",mixed
"Proud I got the job but sad to leave my friends",mixed
Masaya pero nakakapagod din,mixed
"I love my family but they also stress me out",mixed
ok,mixed
feeling meh,mixed
"Play something for coding tonight",calm
"Stress na stress na ako sa capstone",stressed
