text,emotion
I'm worried because deployment is difficult and I have very little time left.,stressed
I'm having a hard time because software project is difficult and I have other subjects to work on too.,stressed
I can't relax because system project is difficult and I still have several requirements left.,stressed
I'm having a hard time because coding is difficult and I keep getting stuck.,stressed
I'm having a hard time because group project is difficult and I have not finished the documentation.,stressed
I'm getting stressed because server setup is difficult and I have been working on it for hours.,stressed
I feel stressed because laboratory activity is difficult and I need to submit it soon.,stressed
I'm struggling because coding is difficult and I am not sure how to finish it.,stressed
I'm getting stressed because programming is difficult and I have too many things to finish.,stressed
I can't relax because database is difficult and I don't have enough time.,stressed
I feel pressured because database is difficult and I need to do everything at once.,stressed
I'm stressed because database is difficult and I need to submit it soon.,stressed
I can't relax because system project is difficult and I don't have enough time.,stressed
I can't relax because system project is difficult and the deadline is getting closer.,stressed
I'm really stressed because server setup is difficult and I still have several requirements left.,stressed
I feel pressured because UI design is difficult and the deadline is getting closer.,stressed
I'm really stressed because thesis is difficult and I am not sure how to finish it.,stressed
I feel pressured because deployment is difficult and I am not sure how to finish it.,stressed
I'm struggling because mobile development is difficult and I keep finding errors.,stressed
I can't relax because UI design is difficult and my group is not finished yet.,stressed
I'm struggling because programming is difficult and I still need to fix several problems.,stressed
I feel stressed because final project is difficult and everything is piling up.,stressed
I'm starting to panic because API integration is difficult and I am not sure how to finish it.,stressed
I'm worried because final project is difficult and I have too many things to finish.,stressed
I'm really stressed because networking activity is difficult and my group is not finished yet.,stressed
I can't relax because mobile development is difficult and I keep finding errors.,stressed
I'm mentally tired because software project is difficult and my group is not finished yet.,stressed
I feel stressed because API integration is difficult and I have been working on it for hours.,stressed
I'm worried about my deadline.,stressed
I'm stressed because school requirements are difficult and I don't have enough time.,stressed
I'm worried because deployment is difficult and I don't know where to start.,stressed
I'm having a hard time because UI design is difficult and I don't have enough time.,stressed
I'm getting stressed because assignments are difficult and my group is not finished yet.,stressed
I'm getting stressed because programming is difficult and I need to submit it soon.,stressed
I'm getting overwhelmed because capstone is difficult and I need to do everything at once.,stressed
I'm stressed because assignments are difficult and I keep finding errors.,stressed
I can't relax because web development is difficult and I am behind schedule.,stressed
I feel stressed because research paper is difficult and my group is not finished yet.,stressed
I can't relax because exams are difficult and the deadline is getting closer.,stressed
I'm struggling because database is difficult and I need to do everything at once.,stressed
I'm getting stressed because school requirements are difficult and I need to do everything at once.,stressed
I'm starting to panic because API integration is difficult and I have been working on it for hours.,stressed
I'm mentally tired because exams are difficult and I still need to fix several problems.,stressed
I'm exhausted because mobile development is difficult and I am behind schedule.,stressed
I still need to deploy our system before the deadline.,stressed
I can't relax because documentation is difficult and I don't know where to start.,stressed
I feel pressured because API integration is difficult and I still have several requirements left.,stressed
I'm under a lot of pressure because coding is difficult and I am behind schedule.,stressed
I can't relax because deployment is difficult and I have not finished the documentation.,stressed
I'm worried because assignments are difficult and everything is piling up.,stressed
I'm stressed because final project is difficult and I still need to fix several problems.,stressed
I feel stressed because server setup is difficult and I am not sure how to finish it.,stressed
I'm having a hard time because debugging is difficult and the deadline is getting closer.,stressed
I feel stressed because thesis is difficult and the deadline is getting closer.,stressed
I'm really stressed because final project is difficult and I need to do everything at once.,stressed
Stress na stress ako sa debugging.,stressed
I'm stressed because exams are difficult and I still need to fix several problems.,stressed
I'm having a hard time because networking activity is difficult and I need to submit it soon.,stressed
I feel stressed because system project is difficult and everything is piling up.,stressed
I can't relax because exams are difficult and our requirements keep changing.,stressed
I feel stressed because system project is difficult and I have other subjects to work on too.,stressed
I'm getting stressed because software project is difficult and I am worried about the result.,stressed
I feel pressured because mobile development is difficult and I have not finished the documentation.,stressed
Pagod na ako sa kakagawa ng system project.,stressed
I feel stressed because research paper is difficult and I am not sure how to finish it.,stressed
Pagod na ako sa kakagawa ng mobile development.,stressed
I'm worried because UI design is difficult and our requirements keep changing.,stressed
I'm having a hard time because capstone is difficult and I keep getting stuck.,stressed
I'm struggling because deployment is difficult and I don't have enough time.,stressed
I feel stressed because server setup is difficult and I have been working on it for hours.,stressed
Hindi ko na alam uunahin ko sa documentation.,stressed
I feel overwhelmed because system project is difficult and I am worried about the result.,stressed
I'm having a hard time because capstone is difficult and I still have several requirements left.,stressed
I'm mentally tired because UI design is difficult and I still need to fix several problems.,stressed
I'm really stressed because capstone is difficult and I am worried about the result.,stressed
I'm mentally tired because exams are difficult and I still have several requirements left.,stressed
I feel pressured because web development is difficult and I have too many things to finish.,stressed
I'm starting to panic because assignments are difficult and I still need to fix several problems.,stressed
I'm stressed because debugging is difficult and our requirements keep changing.,stressed
I can't relax because software project is difficult and I have other subjects to work on too.,stressed
I'm worried because web development is difficult and my group is not finished yet.,stressed
I can't relax because exams are difficult and everything is piling up.,stressed
I'm struggling because programming is difficult and everything is piling up.,stressed
I'm stressed because coding is difficult and I don't have enough time.,stressed
I'm really stressed because mobile development is difficult and I have other subjects to work on too.,stressed
I'm really stressed because coding is difficult and I am worried about the result.,stressed
I feel pressured because documentation is difficult and I am worried about the result.,stressed
I feel pressured because API integration is difficult and I don't know where to start.,stressed
I'm really stressed because coding is difficult and I keep getting stuck.,stressed
I'm getting stressed because mobile development is difficult and I have too many things to finish.,stressed
I'm getting stressed because final project is difficult and I am not sure how to finish it.,stressed
I'm exhausted because API integration is difficult and I have very little time left.,stressed
I'm under a lot of pressure because documentation is difficult and I don't know where to start.,stressed
I'm worried because capstone is difficult and I am behind schedule.,stressed
I feel pressured because programming is difficult and I have been working on it for hours.,stressed
I feel pressured because final project is difficult and I still need to fix several problems.,stressed
I feel overwhelmed because networking activity is difficult and I don't know where to start.,stressed
I'm getting overwhelmed because debugging is difficult and I am worried about the result.,stressed
I feel pressured because presentation is difficult and I have very little time left.,stressed
I'm getting overwhelmed because system project is difficult and I need to do everything at once.,stressed
I'm getting overwhelmed because UI design is difficult and the deadline is getting closer.,stressed
I feel stressed because laboratory activity is difficult and I am behind schedule.,stressed
I'm having a hard time because deployment is difficult and I still need to fix several problems.,stressed
I'm getting overwhelmed because web development is difficult and I need to submit it soon.,stressed
I'm really stressed because debugging is difficult and I am behind schedule.,stressed
I feel overwhelmed because presentation is difficult and I have other subjects to work on too.,stressed
I'm struggling because deployment is difficult and I have too many things to finish.,stressed
I'm having a hard time because UI design is difficult and I need to do everything at once.,stressed
I can't relax because thesis is difficult and I still need to fix several problems.,stressed
I'm worried because software project is difficult and I have other subjects to work on too.,stressed
I can't relax because mobile development is difficult and I don't know where to start.,stressed
I'm having a hard time because UI design is difficult and the deadline is getting closer.,stressed
I feel overwhelmed because UI design is difficult and I have not finished the documentation.,stressed
I'm stressed because networking activity is difficult and I am worried about the result.,stressed
I'm starting to panic because programming is difficult and I have too many things to finish.,stressed
I'm struggling because laboratory activity is difficult and I have very little time left.,stressed
I'm starting to panic because system project is difficult and I have very little time left.,stressed
I'm getting stressed because web development is difficult and everything is piling up.,stressed
I'm exhausted because coding is difficult and I don't have enough time.,stressed
I feel overwhelmed because UI design is difficult and I have too many things to finish.,stressed
I'm getting stressed because group project is difficult and I need to submit it soon.,stressed
I feel pressured because exams are difficult and I have been working on it for hours.,stressed
I'm worried because deployment is difficult and I have too many things to finish.,stressed
I feel pressured because capstone is difficult and I don't have enough time.,stressed
I feel overwhelmed because final project is difficult and I don't have enough time.,stressed
I'm struggling because documentation is difficult and our requirements keep changing.,stressed
I feel stressed because database is difficult and our requirements keep changing.,stressed
I'm under a lot of pressure because system project is difficult and I have not finished the documentation.,stressed
I'm struggling because laboratory activity is difficult and the deadline is getting closer.,stressed
I'm struggling because server setup is difficult and my group is not finished yet.,stressed
I feel pressured because API integration is difficult and I have been working on it for hours.,stressed
I feel stressed because thesis is difficult and I have other subjects to work on too.,stressed
I'm stressed because system project is difficult and I keep getting stuck.,stressed
I feel overwhelmed because coding is difficult and I don't have enough time.,stressed
I'm exhausted because API integration is difficult and I am behind schedule.,stressed
I'm stressed because laboratory activity is difficult and our requirements keep changing.,stressed
I'm stressed because coding is difficult and I have other subjects to work on too.,stressed
I'm struggling because debugging is difficult and I have other subjects to work on too.,stressed
I'm worried because documentation is difficult and I still need to fix several problems.,stressed
I'm stressed because research paper is difficult and I need to submit it soon.,stressed
I'm really stressed because group project is difficult and the deadline is getting closer.,stressed
I can't relax because laboratory activity is difficult and I need to do everything at once.,stressed
I feel pressured because assignments are difficult and I keep getting stuck.,stressed
I feel stressed because exams are difficult and I keep getting stuck.,stressed
I'm exhausted because exams are difficult and I am worried about the result.,stressed
I'm under a lot of pressure because networking activity is difficult and I have too many things to finish.,stressed
I feel pressured because programming is difficult and I have too many things to finish.,stressed
I feel overwhelmed because mobile development is difficult and everything is piling up.,stressed
I'm worried because group project is difficult and I am worried about the result.,stressed
I'm stressed because API integration is difficult and I have not finished the documentation.,stressed
I'm stressed because system project is difficult and I need to submit it soon.,stressed
I'm mentally tired because programming is difficult and the deadline is getting closer.,stressed
I'm worried because research paper is difficult and I keep finding errors.,stressed
I'm really stressed because exams are difficult and I am not sure how to finish it.,stressed
I'm getting stressed because networking activity is difficult and I don't have enough time.,stressed
I'm stressed because debugging is difficult and everything is piling up.,stressed
I'm starting to panic because deployment is difficult and I have not finished the documentation.,stressed
I feel stressed because web development is difficult and I am worried about the result.,stressed
I'm worried because final project is difficult and I am not sure how to finish it.,stressed
Sabay-sabay lahat ng requirements ko sa group project.,stressed
I'm getting stressed because presentation is difficult and I have other subjects to work on too.,stressed
I feel stressed because system project is difficult and I am worried about the result.,stressed
I feel pressured because thesis is difficult and I need to submit it soon.,stressed
I'm worried because API integration is difficult and I have been working on it for hours.,stressed
I'm mentally tired because API integration is difficult and my group is not finished yet.,stressed
I'm struggling because laboratory activity is difficult and I have not finished the documentation.,stressed
I feel overwhelmed because thesis is difficult and I don't know where to start.,stressed
I'm struggling because laboratory activity is difficult and I have other subjects to work on too.,stressed
I feel stressed because laboratory activity is difficult and our requirements keep changing.,stressed
I feel pressured because documentation is difficult and I don't have enough time.,stressed
I feel stressed because assignments are difficult and I have too many things to finish.,stressed
I feel stressed because school requirements are difficult and our requirements keep changing.,stressed
I'm starting to panic because coding is difficult and I have very little time left.,stressed
I'm getting overwhelmed because assignments are difficult and I need to do everything at once.,stressed
I feel pressured because presentation is difficult and I have too many things to finish.,stressed
I feel overwhelmed because capstone is difficult and I am worried about the result.,stressed
I'm mentally tired because server setup is difficult and I have not finished the documentation.,stressed
I can't relax because web development is difficult and I am not sure how to finish it.,stressed
I'm having a hard time because school requirements are difficult and I don't have enough time.,stressed
I'm mentally tired because debugging is difficult and my group is not finished yet.,stressed
I feel overwhelmed because UI design is difficult and I am worried about the result.,stressed
I'm struggling because UI design is difficult and I have other subjects to work on too.,stressed
I'm having a hard time because server setup is difficult and our requirements keep changing.,stressed
I'm having a hard time because documentation is difficult and I need to do everything at once.,stressed
I'm getting stressed because documentation is difficult and I don't know where to start.,stressed
I'm getting overwhelmed because assignments are difficult and I need to submit it soon.,stressed
I'm really stressed because API integration is difficult and I have very little time left.,stressed
I'm getting overwhelmed because database is difficult and I am not sure how to finish it.,stressed
I can't relax because debugging is difficult and I don't have enough time.,stressed
I'm struggling because system project is difficult and the deadline is getting closer.,stressed
I'm getting stressed because presentation is difficult and I have very little time left.,stressed
I feel overwhelmed because coding is difficult and my group is not finished yet.,stressed
I'm under a lot of pressure because web development is difficult and I have very little time left.,stressed
I'm mentally tired because coding is difficult and I have very little time left.,stressed
I'm stressed because system project is difficult and I am not sure how to finish it.,stressed
I'm having a hard time because school requirements are difficult and our requirements keep changing.,stressed
I'm really stressed because deployment is difficult and I keep getting stuck.,stressed
I'm under a lot of pressure because thesis is difficult and I have been working on it for hours.,stressed
I'm getting overwhelmed because laboratory activity is difficult and I need to submit it soon.,stressed
I'm getting overwhelmed because software project is difficult and I am worried about the result.,stressed
I feel stressed because documentation is difficult and our requirements keep changing.,stressed
I'm getting stressed because system project is difficult and I don't know where to start.,stressed
I'm mentally tired because assignments are difficult and I have been working on it for hours.,stressed
I'm getting stressed because laboratory activity is difficult and I have not finished the documentation.,stressed
I'm worried because documentation is difficult and I need to do everything at once.,stressed
I'm having a hard time because programming is difficult and I am worried about the result.,stressed
I'm struggling because exams are difficult and I am not sure how to finish it.,stressed
I'm getting stressed because mobile development is difficult and I am worried about the result.,stressed
Sobrang overwhelming ng presentation.,stressed
I feel pressured because research paper is difficult and I am worried about the result.,stressed
I'm mentally tired because API integration is difficult and the deadline is getting closer.,stressed
I can't relax because deployment is difficult and I need to do everything at once.,stressed
Nakaka-overwhelm yung deadline ng capstone.,stressed
I'm under a lot of pressure because system project is difficult and our requirements keep changing.,stressed
I'm exhausted because laboratory activity is difficult and the deadline is getting closer.,stressed
I feel pressured because database is difficult and our requirements keep changing.,stressed
I feel overwhelmed because presentation is difficult and I still need to fix several problems.,stressed
I'm really stressed because mobile development is difficult and I still need to fix several problems.,stressed
I'm having a hard time because debugging is difficult and I need to submit it soon.,stressed
I'm worried because thesis is difficult and I have not finished the documentation.,stressed
Wala na akong time para sa web development.,stressed
I'm under a lot of pressure because database is difficult and I still need to fix several problems.,stressed
I feel stressed because assignments are difficult and I am worried about the result.,stressed
I'm getting stressed because server setup is difficult and our requirements keep changing.,stressed
I'm exhausted because thesis is difficult and our requirements keep changing.,stressed
I'm exhausted because networking activity is difficult and I have too many things to finish.,stressed
I'm worried because presentation is difficult and I have other subjects to work on too.,stressed
I'm starting to panic because UI design is difficult and everything is piling up.,stressed
I'm mentally tired because presentation is difficult and I am worried about the result.,stressed
I'm under a lot of pressure because laboratory activity is difficult and I need to submit it soon.,stressed
I'm having a hard time because mobile development is difficult and I have been working on it for hours.,stressed
I'm getting stressed because school requirements are difficult and I have too many things to finish.,stressed
I'm under a lot of pressure because networking activity is difficult and my group is not finished yet.,stressed
I feel pressured because presentation is difficult and my group is not finished yet.,stressed
I'm mentally tired because programming is difficult and I don't know where to start.,stressed
I can't relax because group project is difficult and I have very little time left.,stressed
I'm worried because presentation is difficult and I have too many things to finish.,stressed
I feel stressed because presentation is difficult and I am not sure how to finish it.,stressed
I'm stressed because school requirements are difficult and I am worried about the result.,stressed
I'm starting to panic because coding is difficult and I am behind schedule.,stressed
I'm having a hard time because coding is difficult and I have too many things to finish.,stressed
I'm stressed because database is difficult and I have very little time left.,stressed
I'm stressed because networking activity is difficult and I have too many things to finish.,stressed
Wala na akong time para sa final project.,stressed
I'm worried because laboratory activity is difficult and I keep finding errors.,stressed
I'm under a lot of pressure because database is difficult and I keep getting stuck.,stressed
I'm struggling because group project is difficult and I have other subjects to work on too.,stressed
I'm worried because group project is difficult and I have not finished the documentation.,stressed
I'm worried because software project is difficult and everything is piling up.,stressed
I'm getting stressed because server setup is difficult and I am behind schedule.,stressed
I'm having a hard time because final project is difficult and I am worried about the result.,stressed
I'm starting to panic because UI design is difficult and I keep finding errors.,stressed
I'm struggling because thesis is difficult and I am behind schedule.,stressed
I feel pressured because thesis is difficult and I don't know where to start.,stressed
I'm starting to panic because research paper is difficult and I have very little time left.,stressed
I'm starting to panic because networking activity is difficult and I am behind schedule.,stressed
I'm exhausted because mobile development is difficult and the deadline is getting closer.,stressed
I'm struggling because exams are difficult and I still need to fix several problems.,stressed
I'm under a lot of pressure because debugging is difficult and I need to submit it soon.,stressed
I feel overwhelmed because mobile development is difficult and I have other subjects to work on too.,stressed
I'm getting overwhelmed because final project is difficult and I am not sure how to finish it.,stressed
I'm under a lot of pressure because programming is difficult and I have too many things to finish.,stressed
I feel overwhelmed because UI design is difficult and I keep finding errors.,stressed
I feel stressed because capstone is difficult and my group is not finished yet.,stressed
I'm getting overwhelmed because deployment is difficult and I have very little time left.,stressed
I feel overwhelmed because assignments are difficult and I am not sure how to finish it.,stressed
I'm getting stressed because exams are difficult and our requirements keep changing.,stressed
I'm mentally tired because networking activity is difficult and I still need to fix several problems.,stressed
I'm under a lot of pressure because laboratory activity is difficult and I need to do everything at once.,stressed
I'm worried because API integration is difficult and our requirements keep changing.,stressed
I'm really stressed because capstone is difficult and I don't know where to start.,stressed
I'm getting stressed because final project is difficult and I have not finished the documentation.,stressed
I'm starting to panic because deployment is difficult and I keep getting stuck.,stressed
I can't relax because programming is difficult and the deadline is getting closer.,stressed
I'm getting stressed because system project is difficult and the deadline is getting closer.,stressed
I'm exhausted because debugging is difficult and I have not finished the documentation.,stressed
I'm having a hard time because assignments are difficult and I still have several requirements left.,stressed
I'm starting to panic because thesis is difficult and I have been working on it for hours.,stressed
Stress na stress ako sa software project.,stressed
I feel overwhelmed because mobile development is difficult and I have too many things to finish.,stressed
I'm struggling because school requirements are difficult and I am behind schedule.,stressed
I feel overwhelmed because networking activity is difficult and I am behind schedule.,stressed
I can't relax because documentation is difficult and I still need to fix several problems.,stressed
I feel pressured because UI design is difficult and I don't know where to start.,stressed
I feel stressed because database is difficult and I still need to fix several problems.,stressed
I'm starting to panic because thesis is difficult and I keep getting stuck.,stressed
I'm getting overwhelmed because presentation is difficult and I have other subjects to work on too.,stressed
I'm under a lot of pressure because documentation is difficult and I am worried about the result.,stressed
I'm stressed because presentation is difficult and I don't have enough time.,stressed
I'm struggling because deployment is difficult and I keep finding errors.,stressed
I can't relax because UI design is difficult and I keep getting stuck.,stressed
I'm getting stressed because final project is difficult and my group is not finished yet.,stressed
I feel pressured because server setup is difficult and I keep getting stuck.,stressed
I'm under a lot of pressure because capstone is difficult and I need to submit it soon.,stressed
Hindi ko na alam uunahin ko sa assignments.,stressed
I feel overwhelmed because school requirements are difficult and I still have several requirements left.,stressed
I'm having a hard time because assignments are difficult and I still need to fix several problems.,stressed
I'm struggling because server setup is difficult and I keep finding errors.,stressed
I feel overwhelmed because exams are difficult and the deadline is getting closer.,stressed
I'm mentally tired because UI design is difficult and I still have several requirements left.,stressed
I feel overwhelmed because UI design is difficult and I have other subjects to work on too.,stressed
I'm getting stressed because group project is difficult and I don't know where to start.,stressed
I feel pressured because presentation is difficult and I don't know where to start.,stressed
I feel stressed because capstone is difficult and I keep getting stuck.,stressed
I'm worried because debugging is difficult and I don't have enough time.,stressed
I'm starting to panic because mobile development is difficult and our requirements keep changing.,stressed
I'm exhausted because programming is difficult and everything is piling up.,stressed
I'm stressed because mobile development is difficult and I don't know where to start.,stressed
I'm worried because web development is difficult and I have too many things to finish.,stressed
I'm worried because exams are difficult and my group is not finished yet.,stressed
I'm worried because research paper is difficult and I have been working on it for hours.,stressed
I'm under a lot of pressure because API integration is difficult and our requirements keep changing.,stressed
I'm stressed because exams are difficult and I have too many things to finish.,stressed
I feel pressured because deployment is difficult and I need to do everything at once.,stressed
I can't relax because debugging is difficult and I have been working on it for hours.,stressed
I'm having a hard time because final project is difficult and I am not sure how to finish it.,stressed
I'm stressed because software project is difficult and I have too many things to finish.,stressed
I'm exhausted because API integration is difficult and the deadline is getting closer.,stressed
Hindi ko na alam uunahin ko sa coding.,stressed
I'm exhausted because UI design is difficult and my group is not finished yet.,stressed
I'm stressed because UI design is difficult and our requirements keep changing.,stressed
Pressure na pressure ako sa API integration.,stressed
I'm stressed because presentation is difficult and I need to do everything at once.,stressed
I'm exhausted because programming is difficult and I keep finding errors.,stressed
I'm under a lot of pressure because web development is difficult and I keep getting stuck.,stressed
I feel stressed because database is difficult and the deadline is getting closer.,stressed
I feel overwhelmed because group project is difficult and my group is not finished yet.,stressed
I feel stressed because system project is difficult and I keep getting stuck.,stressed
I'm under a lot of pressure because web development is difficult and I still have several requirements left.,stressed
I'm starting to panic because laboratory activity is difficult and my group is not finished yet.,stressed
I'm really stressed because web development is difficult and I am worried about the result.,stressed
I'm exhausted because server setup is difficult and I keep getting stuck.,stressed
I'm struggling because debugging is difficult and I don't know where to start.,stressed
I'm stressed because final project is difficult and everything is piling up.,stressed
I'm struggling because group project is difficult and my group is not finished yet.,stressed
I'm struggling because database is difficult and I need to submit it soon.,stressed
I'm having a hard time because debugging is difficult and I keep getting stuck.,stressed
I'm worried because capstone is difficult and I have been working on it for hours.,stressed
I feel pressured because networking activity is difficult and I keep finding errors.,stressed
I'm getting overwhelmed because assignments are difficult and I am worried about the result.,stressed
I'm getting overwhelmed because networking activity is difficult and I have very little time left.,stressed
I feel stressed because research paper is difficult and I need to submit it soon.,stressed
I'm having a hard time because capstone is difficult and the deadline is getting closer.,stressed
I'm stressed because thesis is difficult and I have other subjects to work on too.,stressed
I'm exhausted because assignments are difficult and I keep finding errors.,stressed
I'm getting stressed because API integration is difficult and I have too many things to finish.,stressed
I'm struggling because coding is difficult and I have very little time left.,stressed
I'm having a hard time because UI design is difficult and I am worried about the result.,stressed
I'm under a lot of pressure because server setup is difficult and I have other subjects to work on too.,stressed
I feel pressured because system project is difficult and I am not sure how to finish it.,stressed
I'm really stressed because web development is difficult and I keep getting stuck.,stressed
I feel stressed because assignments are difficult and I have been working on it for hours.,stressed
I'm under a lot of pressure because web development is difficult and I keep finding errors.,stressed
I feel pressured because thesis is difficult and I have very little time left.,stressed
I'm mentally tired because system project is difficult and I still need to fix several problems.,stressed
I feel stressed because final project is difficult and I am not sure how to finish it.,stressed
I'm getting stressed because school requirements are difficult and I have not finished the documentation.,stressed
I'm having a hard time because API integration is difficult and the deadline is getting closer.,stressed
I'm mentally tired because software project is difficult and I have too many things to finish.,stressed
I'm getting overwhelmed because group project is difficult and I have very little time left.,stressed
I'm getting stressed because thesis is difficult and I keep finding errors.,stressed
I can't relax because laboratory activity is difficult and I am worried about the result.,stressed
I'm getting stressed because networking activity is difficult and I still need to fix several problems.,stressed
I'm really stressed because exams are difficult and I am worried about the result.,stressed
I'm having a hard time because web development is difficult and I keep finding errors.,stressed
I'm exhausted because laboratory activity is difficult and I have very little time left.,stressed
I'm starting to panic because presentation is difficult and I need to do everything at once.,stressed
I'm getting overwhelmed because documentation is difficult and our requirements keep changing.,stressed
I'm starting to panic because system project is difficult and I have been working on it for hours.,stressed
Nakaka-stress talaga itong API integration.,stressed
I can't relax because debugging is difficult and I have other subjects to work on too.,stressed
I'm under a lot of pressure because group project is difficult and I still have several requirements left.,stressed
I feel pressured because group project is difficult and I don't have enough time.,stressed
I'm exhausted because group project is difficult and I have not finished the documentation.,stressed
I feel pressured because programming is difficult and I need to do everything at once.,stressed
I'm worried because networking activity is difficult and my group is not finished yet.,stressed
I'm stressed because documentation is difficult and everything is piling up.,stressed
I'm struggling because software project is difficult and my group is not finished yet.,stressed
I feel overwhelmed because system project is difficult and I still need to fix several problems.,stressed
I'm stressed because capstone is difficult and I have been working on it for hours.,stressed
I'm mentally tired because school requirements are difficult and I am worried about the result.,stressed
I'm worried because programming is difficult and I am not sure how to finish it.,stressed
I'm mentally tired because UI design is difficult and I keep getting stuck.,stressed
I'm stressed because assignments are difficult and everything is piling up.,stressed
I'm starting to panic because documentation is difficult and the deadline is getting closer.,stressed
I'm under a lot of pressure because research paper is difficult and I keep finding errors.,stressed
I'm having a hard time because API integration is difficult and I am behind schedule.,stressed
I feel overwhelmed because research paper is difficult and I have very little time left.,stressed
I feel pressured because deployment is difficult and our requirements keep changing.,stressed
I'm worried because group project is difficult and my group is not finished yet.,stressed
I feel pressured because school requirements are difficult and our requirements keep changing.,stressed
I'm struggling because presentation is difficult and my group is not finished yet.,stressed
I'm getting overwhelmed because research paper is difficult and I have been working on it for hours.,stressed
I'm mentally tired because mobile development is difficult and I keep finding errors.,stressed
I'm exhausted because database is difficult and I am behind schedule.,stressed
Wala na akong time para sa programming.,stressed
I'm worried because assignments are difficult and I am not sure how to finish it.,stressed
I feel pressured because capstone is difficult and I still have several requirements left.,stressed
I feel stressed because coding is difficult and everything is piling up.,stressed
I feel stressed because assignments are difficult and I have other subjects to work on too.,stressed
I'm exhausted because documentation is difficult and I have other subjects to work on too.,stressed
Malapit na deadline ng research paper kaya stressed ako.,stressed
I'm having a hard time because research paper is difficult and everything is piling up.,stressed
I'm struggling because system project is difficult and our requirements keep changing.,stressed
Pressure na pressure ako sa deployment.,stressed
I'm stressed because server setup is difficult and I don't know where to start.,stressed
I'm getting stressed because mobile development is difficult and I am behind schedule.,stressed
I'm struggling because capstone is difficult and I still have several requirements left.,stressed
I'm starting to panic because group project is difficult and I am behind schedule.,stressed
I feel pressured because capstone is difficult and I have been working on it for hours.,stressed
I'm having a hard time because debugging is difficult and I have very little time left.,stressed
I'm stressed because server setup is difficult and I keep finding errors.,stressed
I'm worried because school requirements are difficult and I have been working on it for hours.,stressed
I can't relax because exams are difficult and I still have several requirements left.,stressed
I'm exhausted because laboratory activity is difficult and I keep finding errors.,stressed
I'm really stressed because school requirements are difficult and I have too many things to finish.,stressed
I'm exhausted because mobile development is difficult and I have been working on it for hours.,stressed
I'm exhausted because UI design is difficult and I am worried about the result.,stressed
I feel pressured because database is difficult and I still have several requirements left.,stressed
I feel pressured because software project is difficult and I keep finding errors.,stressed
I feel overwhelmed because debugging is difficult and I still have several requirements left.,stressed
I'm starting to panic because API integration is difficult and I still have several requirements left.,stressed
I feel stressed because exams are difficult and the deadline is getting closer.,stressed
I'm stressed because debugging is difficult and I need to submit it soon.,stressed
I'm getting stressed because server setup is difficult and I keep finding errors.,stressed
Hindi ko na alam paano matatapos itong software project.,stressed
I'm stressed because system project is difficult and I have very little time left.,stressed
I'm starting to panic because networking activity is difficult and the deadline is getting closer.,stressed
I'm struggling because API integration is difficult and I have other subjects to work on too.,stressed
I'm exhausted because networking activity is difficult and I have other subjects to work on too.,stressed
I feel stressed because final project is difficult and I don't know where to start.,stressed
I feel pressured because final project is difficult and I have other subjects to work on too.,stressed
I'm stressed because exams are difficult and I have other subjects to work on too.,stressed
I'm struggling because web development is difficult and I have too many things to finish.,stressed
Stress na stress ako sa documentation.,stressed
I'm stressed because database is difficult and I don't have enough time.,stressed
I feel pressured because mobile development is difficult and I need to submit it soon.,stressed
I feel pressured because laboratory activity is difficult and I am behind schedule.,stressed
I'm having a hard time because presentation is difficult and I need to submit it soon.,stressed
Kailangan ko pang ayusin ang database pero ang dami ko pang ibang gagawin.,stressed
I'm struggling because laboratory activity is difficult and I still have several requirements left.,stressed
I'm exhausted because API integration is difficult and I have other subjects to work on too.,stressed
I'm stressed because group project is difficult and I need to do everything at once.,stressed
I'm under a lot of pressure because presentation is difficult and I am not sure how to finish it.,stressed
I feel overwhelmed because deployment is difficult and I have other subjects to work on too.,stressed
I'm mentally tired because research paper is difficult and I need to do everything at once.,stressed
I feel stressed because database is difficult and my group is not finished yet.,stressed
I'm exhausted because system project is difficult and I have very little time left.,stressed
I feel overwhelmed because final project is difficult and I need to do everything at once.,stressed
I'm struggling because system project is difficult and I keep getting stuck.,stressed
I'm under a lot of pressure because presentation is difficult and I have other subjects to work on too.,stressed
I'm stressed because capstone is difficult and I keep finding errors.,stressed
I'm struggling because coding is difficult and I don't have enough time.,stressed
I'm exhausted because networking activity is difficult and I am not sure how to finish it.,stressed
I'm having a hard time because system project is difficult and I still need to fix several problems.,stressed
I'm really stressed because coding is difficult and I don't have enough time.,stressed
I can't relax because coding is difficult and I don't know where to start.,stressed
I feel overwhelmed because school requirements are difficult and my group is not finished yet.,stressed
I can't relax because assignments are difficult and I don't have enough time.,stressed
I feel pressured because school requirements are difficult and everything is piling up.,stressed
I can't relax because presentation is difficult and I have not finished the documentation.,stressed
I can't relax because laboratory activity is difficult and I need to submit it soon.,stressed
I'm starting to panic because debugging is difficult and I need to do everything at once.,stressed
I'm under a lot of pressure because capstone is difficult and our requirements keep changing.,stressed
I feel stressed because final project is difficult and I don't have enough time.,stressed
I feel pressured because mobile development is difficult and I am worried about the result.,stressed
I can't relax because API integration is difficult and I keep finding errors.,stressed
I feel pressured because coding is difficult and I keep finding errors.,stressed
I'm getting stressed because research paper is difficult and I keep finding errors.,stressed
I'm getting overwhelmed because deployment is difficult and I don't have enough time.,stressed
I'm getting stressed because laboratory activity is difficult and I need to do everything at once.,stressed
I'm worried because coding is difficult and I still need to fix several problems.,stressed
I'm mentally tired because laboratory activity is difficult and I still need to fix several problems.,stressed
I'm struggling because web development is difficult and my group is not finished yet.,stressed
I'm stressed because coding is difficult and everything is piling up.,stressed
I'm getting stressed because exams are difficult and I have too many things to finish.,stressed
I'm getting overwhelmed because documentation is difficult and I have not finished the documentation.,stressed
I can't relax because networking activity is difficult and I am not sure how to finish it.,stressed
I'm starting to panic because web development is difficult and I still need to fix several problems.,stressed
I'm mentally tired because mobile development is difficult and I still need to fix several problems.,stressed
I can't relax because networking activity is difficult and I still have several requirements left.,stressed
I feel stressed because school requirements are difficult and I need to submit it soon.,stressed
I feel overwhelmed because server setup is difficult and the deadline is getting closer.,stressed
I'm getting overwhelmed because debugging is difficult and I still have several requirements left.,stressed
I'm having a hard time because group project is difficult and I keep getting stuck.,stressed
I'm under a lot of pressure because thesis is difficult and I need to do everything at once.,stressed
I'm stressed because mobile development is difficult and I need to submit it soon.,stressed
I'm worried because thesis is difficult and I am behind schedule.,stressed
I'm starting to panic because software project is difficult and I have very little time left.,stressed
I'm getting stressed because mobile development is difficult and I keep finding errors.,stressed
I'm mentally tired because deployment is difficult and I keep getting stuck.,stressed
I'm getting overwhelmed because documentation is difficult and I am behind schedule.,stressed
I'm worried because software project is difficult and I have been working on it for hours.,stressed
I'm struggling because software project is difficult and I have not finished the documentation.,stressed
I feel stressed because assignments are difficult and I still have several requirements left.,stressed
I can't relax because exams are difficult and I need to do everything at once.,stressed
I'm under a lot of pressure because final project is difficult and I have very little time left.,stressed
I'm stressed because networking activity is difficult and I still need to fix several problems.,stressed
Hindi ko na alam paano matatapos itong programming.,stressed
I feel pressured because laboratory activity is difficult and I need to do everything at once.,stressed
I'm mentally tired because capstone is difficult and our requirements keep changing.,stressed
I'm struggling because API integration is difficult and I keep getting stuck.,stressed
I feel stressed because school requirements are difficult and I am behind schedule.,stressed
I can't relax because software project is difficult and I am worried about the result.,stressed
I'm stressed because assignments are difficult and our requirements keep changing.,stressed
I'm having a hard time because UI design is difficult and I have been working on it for hours.,stressed
I'm mentally tired because assignments are difficult and I need to do everything at once.,stressed
I'm mentally tired because API integration is difficult and I don't have enough time.,stressed
"Grabe, sobrang stress ko na sa mobile development.",stressed
I feel overwhelmed because web development is difficult and I still have several requirements left.,stressed
I'm getting overwhelmed because school requirements are difficult and the deadline is getting closer.,stressed
I'm starting to panic because capstone is difficult and I keep finding errors.,stressed
I'm getting overwhelmed because server setup is difficult and I am not sure how to finish it.,stressed
I'm really stressed because laboratory activity is difficult and I need to do everything at once.,stressed
I'm starting to panic because documentation is difficult and I keep getting stuck.,stressed
I'm under a lot of pressure because group project is difficult and I don't know where to start.,stressed
I'm getting overwhelmed because mobile development is difficult and I have too many things to finish.,stressed
I can't relax because web development is difficult and I have very little time left.,stressed
I feel stressed because exams are difficult and I don't have enough time.,stressed
I'm exhausted because assignments are difficult and I have been working on it for hours.,stressed
I feel stressed because thesis is difficult and I still have several requirements left.,stressed
I'm really stressed because API integration is difficult and I still have several requirements left.,stressed
I feel overwhelmed because API integration is difficult and I have too many things to finish.,stressed
I'm under a lot of pressure because laboratory activity is difficult and I still need to fix several problems.,stressed
I'm exhausted because laboratory activity is difficult and I still have several requirements left.,stressed
I'm mentally tired because thesis is difficult and I am worried about the result.,stressed
I'm starting to panic because system project is difficult and the deadline is getting closer.,stressed
I'm stressed because laboratory activity is difficult and I need to submit it soon.,stressed
I'm having a hard time because thesis is difficult and I have been working on it for hours.,stressed
I feel pressured because debugging is difficult and everything is piling up.,stressed
I feel overwhelmed because assignments are difficult and the deadline is getting closer.,stressed
I feel overwhelmed because API integration is difficult and the deadline is getting closer.,stressed
I'm mentally tired because thesis is difficult and everything is piling up.,stressed
I'm having a hard time because mobile development is difficult and I have very little time left.,stressed
I'm getting overwhelmed because research paper is difficult and I am not sure how to finish it.,stressed
I'm getting stressed because assignments are difficult and I am worried about the result.,stressed
I'm struggling because final project is difficult and I don't know where to start.,stressed
I'm starting to panic because assignments are difficult and I need to submit it soon.,stressed
I'm mentally tired because laboratory activity is difficult and our requirements keep changing.,stressed
I'm having a hard time because assignments are difficult and I need to do everything at once.,stressed
I'm under a lot of pressure because mobile development is difficult and I have been working on it for hours.,stressed
Sobrang overwhelming ng mobile development.,stressed
I'm worried because debugging is difficult and I still need to fix several problems.,stressed
I feel pressured because software project is difficult and the deadline is getting closer.,stressed
I feel stressed because API integration is difficult and I keep getting stuck.,stressed
I'm starting to panic because research paper is difficult and I have been working on it for hours.,stressed
I feel pressured because API integration is difficult and I still need to fix several problems.,stressed
I'm starting to panic because exams are difficult and I am worried about the result.,stressed
I'm mentally tired because capstone is difficult and my group is not finished yet.,stressed
I'm starting to panic because exams are difficult and my group is not finished yet.,stressed
I'm stressed because mobile development is difficult and I still need to fix several problems.,stressed
I'm getting stressed because final project is difficult and I need to do everything at once.,stressed
I'm getting overwhelmed because thesis is difficult and I still need to fix several problems.,stressed
I'm stressed because networking activity is difficult and I need to submit it soon.,stressed
I feel stressed because server setup is difficult and I don't know where to start.,stressed
I'm struggling because assignments are difficult and I have been working on it for hours.,stressed
I'm under a lot of pressure because deployment is difficult and I keep getting stuck.,stressed
I'm under a lot of pressure because group project is difficult and I have not finished the documentation.,stressed
I'm starting to panic because mobile development is difficult and I need to submit it soon.,stressed
I feel pressured because deployment is difficult and I have been working on it for hours.,stressed
I feel stressed because coding is difficult and I have very little time left.,stressed
I'm stressed because database is difficult and I still need to fix several problems.,stressed
I feel overwhelmed because system project is difficult and I have not finished the documentation.,stressed
I'm having a hard time because system project is difficult and I am not sure how to finish it.,stressed
I can't relax because documentation is difficult and my group is not finished yet.,stressed
I'm starting to panic because database is difficult and my group is not finished yet.,stressed
I'm getting overwhelmed because UI design is difficult and I keep finding errors.,stressed
I'm starting to panic because database is difficult and I don't know where to start.,stressed
I'm stressed because laboratory activity is difficult and I still need to fix several problems.,stressed
I'm struggling because final project is difficult and I keep getting stuck.,stressed
I feel stressed because group project is difficult and I need to submit it soon.,stressed
I'm getting stressed because exams are difficult and I have other subjects to work on too.,stressed
I'm mentally tired because presentation is difficult and I don't know where to start.,stressed
I'm starting to panic because assignments are difficult and I am not sure how to finish it.,stressed
I'm mentally tired because server setup is difficult and everything is piling up.,stressed
I'm exhausted because database is difficult and I still have several requirements left.,stressed
I'm having a hard time because web development is difficult and I don't know where to start.,stressed
I'm starting to panic because presentation is difficult and I am worried about the result.,stressed
I'm stressed because system project is difficult and I still have several requirements left.,stressed
I'm struggling because web development is difficult and I still need to fix several problems.,stressed
I'm exhausted because software project is difficult and I have not finished the documentation.,stressed
I'm mentally tired because exams are difficult and our requirements keep changing.,stressed
I'm worried because group project is difficult and I keep getting stuck.,stressed
I'm mentally tired because database is difficult and I am not sure how to finish it.,stressed
I'm worried because UI design is difficult and I don't have enough time.,stressed
I'm worried because API integration is difficult and I am worried about the result.,stressed
I'm stressed because debugging is difficult and I don't have enough time.,stressed
Wala na akong time para sa database.,stressed
I'm mentally tired because group project is difficult and I have very little time left.,stressed
I'm exhausted because final project is difficult and I keep finding errors.,stressed
I feel stressed because school requirements are difficult and I don't have enough time.,stressed
I can't relax because school requirements are difficult and I don't have enough time.,stressed
I'm exhausted because coding is difficult and I have very little time left.,stressed
I'm getting stressed because assignments are difficult and I have very little time left.,stressed
I'm getting overwhelmed because web development is difficult and I still have several requirements left.,stressed
I feel stressed because software project is difficult and I have been working on it for hours.,stressed
I'm exhausted because final project is difficult and I don't know where to start.,stressed
I'm worried because research paper is difficult and the deadline is getting closer.,stressed
Pressure na pressure ako sa server setup.,stressed
I feel stressed because debugging is difficult and I have been working on it for hours.,stressed
I'm under a lot of pressure because programming is difficult and I am worried about the result.,stressed
I'm starting to panic because final project is difficult and I still have several requirements left.,stressed
Stress na stress ako sa API integration.,stressed
I feel pressured because server setup is difficult and I keep finding errors.,stressed
I'm stressed because deployment is difficult and I have been working on it for hours.,stressed
I'm worried because database is difficult and I don't know where to start.,stressed
I'm worried because school requirements are difficult and everything is piling up.,stressed
I'm exhausted because debugging is difficult and I am worried about the result.,stressed
I feel pressured because database is difficult and I have too many things to finish.,stressed
I'm mentally tired because thesis is difficult and I keep getting stuck.,stressed
I'm starting to panic because exams are difficult and I don't know where to start.,stressed
I'm really stressed because debugging is difficult and the deadline is getting closer.,stressed
I'm getting stressed because server setup is difficult and I have other subjects to work on too.,stressed
I feel stressed because capstone is difficult and I have been working on it for hours.,stressed
I'm getting overwhelmed because system project is difficult and I am behind schedule.,stressed
I feel pressured because laboratory activity is difficult and I still have several requirements left.,stressed
I can't relax because capstone is difficult and I am behind schedule.,stressed
I feel overwhelmed because networking activity is difficult and I still need to fix several problems.,stressed
I'm stressed because debugging is difficult and my group is not finished yet.,stressed
I'm really stressed because capstone is difficult and I still have several requirements left.,stressed
I'm mentally tired because software project is difficult and I keep getting stuck.,stressed
I'm struggling because networking activity is difficult and I am behind schedule.,stressed
I'm getting stressed because coding is difficult and I am worried about the result.,stressed
I'm worried because deployment is difficult and our requirements keep changing.,stressed
I'm getting stressed because web development is difficult and I have very little time left.,stressed
I feel pressured because school requirements are difficult and I keep getting stuck.,stressed
I feel overwhelmed because laboratory activity is difficult and everything is piling up.,stressed
I'm stressed because presentation is difficult and I keep finding errors.,stressed
I'm getting overwhelmed because UI design is difficult and I am worried about the result.,stressed
I'm starting to panic because software project is difficult and I have been working on it for hours.,stressed
I'm starting to panic because database is difficult and I have not finished the documentation.,stressed
I'm struggling because exams are difficult and I have very little time left.,stressed
I feel overwhelmed because server setup is difficult and I need to submit it soon.,stressed
I'm mentally tired because debugging is difficult and I keep getting stuck.,stressed
I'm under a lot of pressure because presentation is difficult and everything is piling up.,stressed
I'm under a lot of pressure because system project is difficult and everything is piling up.,stressed
I feel stressed because exams are difficult and I don't know where to start.,stressed
I'm getting overwhelmed because web development is difficult and my group is not finished yet.,stressed
"Grabe, sobrang stress ko na sa programming.",stressed
I'm under a lot of pressure because presentation is difficult and our requirements keep changing.,stressed
I'm really stressed because software project is difficult and I have too many things to finish.,stressed
I'm under a lot of pressure because research paper is difficult and I have been working on it for hours.,stressed
I'm mentally tired because exams are difficult and I have very little time left.,stressed
I'm getting stressed because UI design is difficult and our requirements keep changing.,stressed
I'm under a lot of pressure because laboratory activity is difficult and I keep finding errors.,stressed
I feel pressured because documentation is difficult and my group is not finished yet.,stressed
I can't relax because capstone is difficult and I don't have enough time.,stressed
I'm really stressed because thesis is difficult and I keep finding errors.,stressed
Nakaka-stress talaga itong web development.,stressed
I feel overwhelmed because software project is difficult and I have other subjects to work on too.,stressed
I'm mentally tired because web development is difficult and I don't have enough time.,stressed
Sabay-sabay lahat ng requirements ko sa web development.,stressed
I'm stressed because debugging is difficult and I have not finished the documentation.,stressed
I'm struggling because capstone is difficult and I am not sure how to finish it.,stressed
I'm under a lot of pressure because networking activity is difficult and I have very little time left.,stressed
I'm really stressed because system project is difficult and I am behind schedule.,stressed
I'm really stressed because networking activity is difficult and I have very little time left.,stressed
I feel pressured because exams are difficult and I need to do everything at once.,stressed
I feel pressured because exams are difficult and I still have several requirements left.,stressed
I feel stressed because thesis is difficult and I need to do everything at once.,stressed
I'm stressed because group project is difficult and I need to submit it soon.,stressed
I feel overwhelmed because group project is difficult and I am worried about the result.,stressed
I feel stressed because system project is difficult and I don't know where to start.,stressed
I'm struggling because thesis is difficult and I have other subjects to work on too.,stressed
I'm mentally tired because coding is difficult and I need to do everything at once.,stressed
I'm exhausted because capstone is difficult and I have other subjects to work on too.,stressed
I feel pressured because assignments are difficult and I have other subjects to work on too.,stressed
I'm getting stressed because coding is difficult and I still need to fix several problems.,stressed
I feel stressed because presentation is difficult and I don't know where to start.,stressed
I feel pressured because programming is difficult and our requirements keep changing.,stressed
I feel pressured because documentation is difficult and I need to submit it soon.,stressed
I'm really stressed because final project is difficult and the deadline is getting closer.,stressed
I'm exhausted because coding is difficult and I am behind schedule.,stressed
I'm mentally tired because system project is difficult and I have very little time left.,stressed
Sobrang overwhelming ng deployment.,stressed
I'm really stressed because system project is difficult and I am not sure how to finish it.,stressed
I'm getting overwhelmed because laboratory activity is difficult and I keep finding errors.,stressed
I'm getting overwhelmed because school requirements are difficult and I am worried about the result.,stressed
"Grabe, sobrang stress ko na sa API integration.",stressed
I'm having a hard time because capstone is difficult and I still need to fix several problems.,stressed
I'm under a lot of pressure because web development is difficult and my group is not finished yet.,stressed
I'm getting stressed because deployment is difficult and I have very little time left.,stressed
I'm really stressed because capstone is difficult and the deadline is getting closer.,stressed
I feel pressured because database is difficult and I am behind schedule.,stressed
I'm starting to panic because documentation is difficult and I still have several requirements left.,stressed
I'm under a lot of pressure because presentation is difficult and I don't have enough time.,stressed
I'm stressed because programming is difficult and I have very little time left.,stressed
I'm worried because coding is difficult and the deadline is getting closer.,stressed
I'm stressed because school requirements are difficult and I need to do everything at once.,stressed
I'm stressed because capstone is difficult and I need to do everything at once.,stressed
I'm starting to panic because research paper is difficult and our requirements keep changing.,stressed
I can't relax because web development is difficult and I need to do everything at once.,stressed
I'm under a lot of pressure because documentation is difficult and our requirements keep changing.,stressed
I need to prepare for a presentation while finishing our system.,stressed
Pressure na pressure ako sa mobile development.,stressed
I feel pressured because presentation is difficult and I am not sure how to finish it.,stressed
I'm under a lot of pressure because debugging is difficult and I have very little time left.,stressed
I feel stressed because documentation is difficult and I am worried about the result.,stressed
I feel stressed because research paper is difficult and I keep getting stuck.,stressed
I'm getting stressed because thesis is difficult and I am not sure how to finish it.,stressed
I can't relax because debugging is difficult and I have not finished the documentation.,stressed
I'm getting overwhelmed because UI design is difficult and everything is piling up.,stressed
I'm exhausted because thesis is difficult and I still need to fix several problems.,stressed
I'm exhausted because presentation is difficult and I am worried about the result.,stressed
I'm worried because debugging is difficult and I am behind schedule.,stressed
I can't relax because thesis is difficult and I keep finding errors.,stressed
I feel stressed because assignments are difficult and I need to submit it soon.,stressed
I'm exhausted because API integration is difficult and I need to do everything at once.,stressed
I'm under a lot of pressure because database is difficult and our requirements keep changing.,stressed
I feel stressed because mobile development is difficult and I still have several requirements left.,stressed
I can't relax because software project is difficult and I still have several requirements left.,stressed
I'm worried because research paper is difficult and I am worried about the result.,stressed
I'm having a hard time because API integration is difficult and I don't have enough time.,stressed
I'm exhausted because mobile development is difficult and I don't know where to start.,stressed
I'm struggling because presentation is difficult and I need to do everything at once.,stressed
I can't relax because final project is difficult and I still have several requirements left.,stressed
I'm getting overwhelmed because mobile development is difficult and I don't have enough time.,stressed
I'm stressed because documentation is difficult and my group is not finished yet.,stressed
I'm mentally tired because school requirements are difficult and our requirements keep changing.,stressed
I can't relax because system project is difficult and everything is piling up.,stressed
I'm exhausted because assignments are difficult and I have too many things to finish.,stressed
I'm struggling because research paper is difficult and I need to submit it soon.,stressed
I'm struggling because API integration is difficult and I have not finished the documentation.,stressed
I'm getting overwhelmed because server setup is difficult and I don't have enough time.,stressed
I can't relax because exams are difficult and I keep getting stuck.,stressed
I feel overwhelmed because laboratory activity is difficult and I have too many things to finish.,stressed
I'm under a lot of pressure because server setup is difficult and everything is piling up.,stressed
Wala na akong time para sa software project.,stressed
Our capstone deadline is near and we still have many features to finish.,stressed
I can't relax because web development is difficult and I have other subjects to work on too.,stressed
I'm worried because mobile development is difficult and I have been working on it for hours.,stressed
I'm under a lot of pressure because API integration is difficult and I have other subjects to work on too.,stressed
I'm having a hard time because exams are difficult and I keep finding errors.,stressed
I'm mentally tired because exams are difficult and I keep finding errors.,stressed
I'm worried because final project is difficult and our requirements keep changing.,stressed
I'm getting overwhelmed because mobile development is difficult and our requirements keep changing.,stressed
I'm struggling because software project is difficult and I have other subjects to work on too.,stressed
I'm getting overwhelmed because final project is difficult and I don't have enough time.,stressed
I'm struggling because API integration is difficult and I am worried about the result.,stressed
I'm getting overwhelmed because group project is difficult and my group is not finished yet.,stressed
I'm stressed because programming is difficult and I need to do everything at once.,stressed
I feel overwhelmed because programming is difficult and I need to do everything at once.,stressed
I'm having a hard time because software project is difficult and I don't have enough time.,stressed
I'm worried because software project is difficult and I need to do everything at once.,stressed
Sabay-sabay lahat ng requirements ko sa programming.,stressed
I feel overwhelmed because deployment is difficult and the deadline is getting closer.,stressed
I'm under a lot of pressure because research paper is difficult and I need to submit it soon.,stressed
I feel overwhelmed because web development is difficult and I need to do everything at once.,stressed
I'm really stressed because debugging is difficult and I don't know where to start.,stressed
I feel pressured because coding is difficult and I need to submit it soon.,stressed
I'm worried because mobile development is difficult and I keep getting stuck.,stressed
I'm worried because database is difficult and I still have several requirements left.,stressed
I'm worried because debugging is difficult and I am not sure how to finish it.,stressed
I'm mentally tired because coding is difficult and our requirements keep changing.,stressed
I'm under a lot of pressure because web development is difficult and I have too many things to finish.,stressed
I feel overwhelmed because group project is difficult and everything is piling up.,stressed
I'm mentally tired because group project is difficult and I am worried about the result.,stressed
I'm exhausted because thesis is difficult and I have been working on it for hours.,stressed
I'm getting overwhelmed because presentation is difficult and everything is piling up.,stressed
I'm having a hard time because server setup is difficult and my group is not finished yet.,stressed
I'm exhausted because system project is difficult and I keep getting stuck.,stressed
I feel pressured because research paper is difficult and I don't know where to start.,stressed
I'm struggling because research paper is difficult and I still have several requirements left.,stressed
I'm mentally tired because research paper is difficult and our requirements keep changing.,stressed
I'm under a lot of pressure because coding is difficult and I am not sure how to finish it.,stressed
I'm mentally tired because documentation is difficult and I keep finding errors.,stressed
I'm under a lot of pressure because final project is difficult and I have been working on it for hours.,stressed
I can't relax because API integration is difficult and I have other subjects to work on too.,stressed
I'm having a hard time because software project is difficult and the deadline is getting closer.,stressed
I'm stressed because debugging is difficult and I am worried about the result.,stressed
I'm starting to panic because presentation is difficult and I have other subjects to work on too.,stressed
I'm worried because presentation is difficult and I don't know where to start.,stressed
I'm mentally tired because exams are difficult and I have other subjects to work on too.,stressed
I'm under a lot of pressure because software project is difficult and I am worried about the result.,stressed
I'm having a hard time because programming is difficult and I keep finding errors.,stressed
I can't relax because mobile development is difficult and I don't have enough time.,stressed
I feel overwhelmed because system project is difficult and everything is piling up.,stressed
I'm starting to panic because school requirements are difficult and I have very little time left.,stressed
I feel pressured because final project is difficult and I am behind schedule.,stressed
I'm getting overwhelmed because coding is difficult and our requirements keep changing.,stressed
I'm struggling because assignments are difficult and I am behind schedule.,stressed
I'm struggling because debugging is difficult and I keep finding errors.,stressed
I'm worried because final project is difficult and I have very little time left.,stressed
I'm having a hard time because database is difficult and I keep getting stuck.,stressed
I feel overwhelmed because presentation is difficult and I keep finding errors.,stressed
I'm exhausted because final project is difficult and I have too many things to finish.,stressed
I'm getting overwhelmed because API integration is difficult and I am worried about the result.,stressed
I'm having a hard time because networking activity is difficult and I have very little time left.,stressed
I feel overwhelmed because group project is difficult and I have very little time left.,stressed
I'm getting stressed because software project is difficult and I am behind schedule.,stressed
I feel overwhelmed because coding is difficult and I am worried about the result.,stressed
I feel pressured because group project is difficult and I have too many things to finish.,stressed
I'm stressed because networking activity is difficult and the deadline is getting closer.,stressed
I'm starting to panic because database is difficult and I have been working on it for hours.,stressed
Kailangan ko pang ayusin ang coding pero ang dami ko pang ibang gagawin.,stressed
Stress na stress ako sa research paper.,stressed
I'm having a hard time because web development is difficult and my group is not finished yet.,stressed
I'm having a hard time because programming is difficult and our requirements keep changing.,stressed
I'm exhausted because documentation is difficult and I keep finding errors.,stressed
I'm starting to panic because final project is difficult and I have been working on it for hours.,stressed
I'm exhausted because server setup is difficult and I keep finding errors.,stressed
I feel stressed because programming is difficult and I keep finding errors.,stressed
I'm stressed because database is difficult and I keep finding errors.,stressed
I'm starting to panic because school requirements are difficult and I am behind schedule.,stressed
I'm mentally tired because API integration is difficult and everything is piling up.,stressed
I'm starting to panic because deployment is difficult and my group is not finished yet.,stressed
I'm getting overwhelmed because mobile development is difficult and I don't know where to start.,stressed
I'm worried because UI design is difficult and I keep finding errors.,stressed
I'm getting stressed because deployment is difficult and I don't know where to start.,stressed
I'm stressed because UI design is difficult and the deadline is getting closer.,stressed
Sabay-sabay lahat ng requirements ko sa thesis.,stressed
I'm mentally tired because UI design is difficult and I am not sure how to finish it.,stressed
I feel pressured because debugging is difficult and I keep getting stuck.,stressed
I'm struggling because debugging is difficult and I need to submit it soon.,stressed
I'm having a hard time because debugging is difficult and I am worried about the result.,stressed
I can't relax because capstone is difficult and I have very little time left.,stressed
I feel stressed because deployment is difficult and I keep getting stuck.,stressed
I'm worried because assignments are difficult and the deadline is getting closer.,stressed
I'm having a hard time because system project is difficult and I have too many things to finish.,stressed
I'm struggling because documentation is difficult and I have very little time left.,stressed
I can't relax because documentation is difficult and I keep finding errors.,stressed
I'm really stressed because final project is difficult and I am behind schedule.,stressed
I'm under a lot of pressure because assignments are difficult and I have not finished the documentation.,stressed
I feel overwhelmed because final project is difficult and I have very little time left.,stressed
I feel pressured because system project is difficult and I keep getting stuck.,stressed
I'm starting to panic because mobile development is difficult and I have too many things to finish.,stressed
I'm mentally tired because research paper is difficult and I have other subjects to work on too.,stressed
I'm mentally tired because web development is difficult and I am worried about the result.,stressed
I'm under a lot of pressure because UI design is difficult and my group is not finished yet.,stressed
I feel stressed because programming is difficult and I have been working on it for hours.,stressed
I feel pressured because assignments are difficult and I have not finished the documentation.,stressed
I'm under a lot of pressure because UI design is difficult and I need to submit it soon.,stressed
I'm getting stressed because system project is difficult and I am worried about the result.,stressed
I'm really stressed because coding is difficult and I don't know where to start.,stressed
I'm stressed because exams are difficult and I need to do everything at once.,stressed
Kailangan ko pang ayusin ang school requirements pero ang dami ko pang ibang gagawin.,stressed
I'm under a lot of pressure because UI design is difficult and I keep finding errors.,stressed
I'm having a hard time because UI design is difficult and I have not finished the documentation.,stressed
I'm worried because exams are difficult and I keep getting stuck.,stressed
I'm exhausted because documentation is difficult and I still have several requirements left.,stressed
I feel overwhelmed because web development is difficult and I still need to fix several problems.,stressed
I'm exhausted because UI design is difficult and I have not finished the documentation.,stressed
I feel overwhelmed because deployment is difficult and I have not finished the documentation.,stressed
I'm really stressed because thesis is difficult and I have been working on it for hours.,stressed
I'm stressed because software project is difficult and the deadline is getting closer.,stressed
I'm under a lot of pressure because group project is difficult and I still need to fix several problems.,stressed
I'm getting stressed because thesis is difficult and I am behind schedule.,stressed
I'm worried because software project is difficult and our requirements keep changing.,stressed
I'm having a hard time because capstone is difficult and our requirements keep changing.,stressed
I'm exhausted because laboratory activity is difficult and our requirements keep changing.,stressed
I'm mentally tired because web development is difficult and I don't know where to start.,stressed
I'm having a hard time because group project is difficult and I still need to fix several problems.,stressed
I'm mentally tired because assignments are difficult and I am behind schedule.,stressed
Sabay-sabay lahat ng requirements ko sa system project.,stressed
I can't relax because server setup is difficult and I have other subjects to work on too.,stressed
I'm starting to panic because coding is difficult and I don't have enough time.,stressed
Sobrang overwhelming ng documentation.,stressed
I feel stressed because deployment is difficult and I am behind schedule.,stressed
I feel pressured because school requirements are difficult and I still have several requirements left.,stressed
I'm getting overwhelmed because assignments are difficult and I don't have enough time.,stressed
I can't relax because programming is difficult and I need to submit it soon.,stressed
I'm under a lot of pressure because assignments are difficult and my group is not finished yet.,stressed
I'm struggling because coding is difficult and I am behind schedule.,stressed
I feel overwhelmed because capstone is difficult and I don't know where to start.,stressed
I feel stressed because API integration is difficult and I need to submit it soon.,stressed
I'm struggling because final project is difficult and our requirements keep changing.,stressed
I'm stressed because networking activity is difficult and I don't have enough time.,stressed
I feel pressured because assignments are difficult and I am not sure how to finish it.,stressed
I'm really stressed because capstone is difficult and I have not finished the documentation.,stressed
I'm stressed because group project is difficult and I keep finding errors.,stressed
I'm mentally tired because coding is difficult and I have other subjects to work on too.,stressed
I'm mentally tired because system project is difficult and our requirements keep changing.,stressed
I'm exhausted because networking activity is difficult and my group is not finished yet.,stressed
I'm starting to panic because server setup is difficult and our requirements keep changing.,stressed
I'm really stressed because server setup is difficult and I don't know where to start.,stressed
I'm starting to panic because capstone is difficult and I still have several requirements left.,stressed
I'm getting overwhelmed because database is difficult and everything is piling up.,stressed
I'm mentally tired because database is difficult and I keep finding errors.,stressed
I'm stressed because web development is difficult and I have not finished the documentation.,stressed
Hindi ko na alam uunahin ko sa UI design.,stressed
I feel stressed because server setup is difficult and I need to do everything at once.,stressed
I feel stressed because school requirements are difficult and I keep finding errors.,stressed
I'm under a lot of pressure because group project is difficult and I have too many things to finish.,stressed
I'm getting overwhelmed because database is difficult and I have very little time left.,stressed
I can't relax because server setup is difficult and I am not sure how to finish it.,stressed
I'm mentally tired because final project is difficult and I have too many things to finish.,stressed
I feel stressed because school requirements are difficult and I have very little time left.,stressed
I'm getting stressed because group project is difficult and I am behind schedule.,stressed
I'm mentally tired because networking activity is difficult and I have other subjects to work on too.,stressed
I'm under a lot of pressure because debugging is difficult and I am not sure how to finish it.,stressed
I'm under a lot of pressure because coding is difficult and I have very little time left.,stressed
I'm really stressed because deployment is difficult and I still have several requirements left.,stressed
I'm worried because research paper is difficult and I need to submit it soon.,stressed
I'm starting to panic because coding is difficult and I have too many things to finish.,stressed
I'm under a lot of pressure because UI design is difficult and I need to do everything at once.,stressed
I'm under a lot of pressure because programming is difficult and our requirements keep changing.,stressed
I'm mentally tired because system project is difficult and I keep finding errors.,stressed
I can't relax because group project is difficult and our requirements keep changing.,stressed
I'm stressed because mobile development is difficult and I keep finding errors.,stressed
I'm mentally tired because exams are difficult and the deadline is getting closer.,stressed
I'm getting overwhelmed because API integration is difficult and I keep getting stuck.,stressed
I feel overwhelmed because documentation is difficult and I keep getting stuck.,stressed
I'm starting to panic because software project is difficult and I have not finished the documentation.,stressed
I'm really stressed because software project is difficult and I need to submit it soon.,stressed
I'm exhausted because final project is difficult and I am behind schedule.,stressed
I'm getting stressed because networking activity is difficult and I am behind schedule.,stressed
I'm worried because database is difficult and I don't have enough time.,stressed
I'm under a lot of pressure because web development is difficult and I am not sure how to finish it.,stressed
I'm getting stressed because programming is difficult and I keep getting stuck.,stressed
I'm getting stressed because thesis is difficult and I have been working on it for hours.,stressed
I'm really stressed because API integration is difficult and I keep getting stuck.,stressed
I'm struggling because deployment is difficult and I need to do everything at once.,stressed
I'm really stressed because debugging is difficult and I have not finished the documentation.,stressed
I'm starting to panic because software project is difficult and I keep finding errors.,stressed
I can't relax because database is difficult and my group is not finished yet.,stressed
I'm really stressed because documentation is difficult and I don't know where to start.,stressed
I'm getting overwhelmed because coding is difficult and I have very little time left.,stressed
I'm exhausted because debugging is difficult and I still have several requirements left.,stressed
I'm getting overwhelmed because research paper is difficult and my group is not finished yet.,stressed
I'm getting stressed because UI design is difficult and my group is not finished yet.,stressed
I feel overwhelmed because research paper is difficult and I have other subjects to work on too.,stressed
I'm mentally tired because presentation is difficult and I don't have enough time.,stressed
I'm exhausted because thesis is difficult and I am not sure how to finish it.,stressed
I feel stressed because UI design is difficult and the deadline is getting closer.,stressed
"Grabe, sobrang stress ko na sa software project.",stressed
I feel pressured because final project is difficult and I need to submit it soon.,stressed
I'm stressed because final project is difficult and I have very little time left.,stressed
I'm starting to panic because research paper is difficult and I still need to fix several problems.,stressed
I'm really stressed because debugging is difficult and I need to submit it soon.,stressed
I'm really stressed because debugging is difficult and our requirements keep changing.,stressed
I'm stressed because networking activity is difficult and I have not finished the documentation.,stressed
I'm starting to panic because mobile development is difficult and I keep getting stuck.,stressed
I'm exhausted because programming is difficult and I have very little time left.,stressed
I'm really stressed because coding is difficult and I still have several requirements left.,stressed
I'm exhausted because school requirements are difficult and I have not finished the documentation.,stressed
I'm getting overwhelmed because server setup is difficult and I need to do everything at once.,stressed
I can't relax because software project is difficult and the deadline is getting closer.,stressed
I'm stressed because API integration is difficult and I have been working on it for hours.,stressed
I'm struggling because system project is difficult and I am worried about the result.,stressed
I'm really stressed because API integration is difficult and I am worried about the result.,stressed
I'm having a hard time because programming is difficult and I am behind schedule.,stressed
I'm mentally tired because laboratory activity is difficult and I don't know where to start.,stressed
I'm getting stressed because exams are difficult and I still have several requirements left.,stressed
I feel overwhelmed because deployment is difficult and I don't have enough time.,stressed
I'm getting stressed because laboratory activity is difficult and I have very little time left.,stressed
I'm worried because debugging is difficult and I am worried about the result.,stressed
I'm getting stressed because laboratory activity is difficult and our requirements keep changing.,stressed
I'm having a hard time because debugging is difficult and I am not sure how to finish it.,stressed
I can't relax because programming is difficult and I have not finished the documentation.,stressed
I'm exhausted because web development is difficult and I need to submit it soon.,stressed
I'm stressed because web development is difficult and I still have several requirements left.,stressed
I feel overwhelmed because programming is difficult and I don't have enough time.,stressed
I feel pressured because exams are difficult and I am behind schedule.,stressed
I'm getting stressed because API integration is difficult and I am behind schedule.,stressed
I'm exhausted because laboratory activity is difficult and my group is not finished yet.,stressed
I feel pressured because deployment is difficult and I keep getting stuck.,stressed
I'm getting stressed because web development is difficult and the deadline is getting closer.,stressed
I feel overwhelmed because system project is difficult and I still have several requirements left.,stressed
I'm stressed because final project is difficult and our requirements keep changing.,stressed
I'm worried because research paper is difficult and I don't know where to start.,stressed
I'm struggling because server setup is difficult and I have very little time left.,stressed
I'm mentally tired because documentation is difficult and I need to do everything at once.,stressed
I feel stressed because API integration is difficult and I am not sure how to finish it.,stressed
I'm really stressed because mobile development is difficult and I need to do everything at once.,stressed
I'm stressed because laboratory activity is difficult and I keep finding errors.,stressed
I'm getting overwhelmed because research paper is difficult and I still need to fix several problems.,stressed
I feel pressured because research paper is difficult and I have too many things to finish.,stressed
I'm stressed because software project is difficult and I have other subjects to work on too.,stressed
I'm worried because documentation is difficult and my group is not finished yet.,stressed
I'm getting stressed because deployment is difficult and I have other subjects to work on too.,stressed
I can't relax because coding is difficult and I have very little time left.,stressed
I'm starting to panic because software project is difficult and I am worried about the result.,stressed
I feel overwhelmed because assignments are difficult and I still have several requirements left.,stressed
I'm worried because school requirements are difficult and I don't know where to start.,stressed
I feel overwhelmed because assignments are difficult and I need to submit it soon.,stressed
I feel pressured because web development is difficult and everything is piling up.,stressed
I feel overwhelmed because networking activity is difficult and the deadline is getting closer.,stressed
I'm under a lot of pressure because software project is difficult and I am not sure how to finish it.,stressed
I'm struggling because API integration is difficult and I keep finding errors.,stressed
I'm exhausted because thesis is difficult and I need to submit it soon.,stressed
I'm stressed because networking activity is difficult and I have been working on it for hours.,stressed
I'm under a lot of pressure because thesis is difficult and I am not sure how to finish it.,stressed
I'm having a hard time because programming is difficult and I have been working on it for hours.,stressed
I'm getting stressed because thesis is difficult and my group is not finished yet.,stressed
I'm stressed because deployment is difficult and I have very little time left.,stressed
I'm getting stressed because laboratory activity is difficult and I don't know where to start.,stressed
I'm worried because laboratory activity is difficult and everything is piling up.,stressed
I'm exhausted because database is difficult and everything is piling up.,stressed
I feel overwhelmed because research paper is difficult and I don't have enough time.,stressed
I feel stressed because assignments are difficult and I keep finding errors.,stressed
I'm getting stressed because laboratory activity is difficult and I have too many things to finish.,stressed
I'm stressed because mobile development is difficult and I need to do everything at once.,stressed
I feel overwhelmed because presentation is difficult and I have not finished the documentation.,stressed
I'm mentally tired because presentation is difficult and I am not sure how to finish it.,stressed
Stress na stress ako sa deployment.,stressed
I'm getting stressed because API integration is difficult and I have other subjects to work on too.,stressed
I'm stressed because exams are difficult and I am behind schedule.,stressed
I'm under a lot of pressure because software project is difficult and I don't know where to start.,stressed
I feel stressed because database is difficult and I am worried about the result.,stressed
I'm getting stressed because final project is difficult and I keep getting stuck.,stressed
