"Yey!",happy,4,1,happy
"Igkms",sad,5,1,sad
"Amp!",angry,4,1,angry
"Keri 'to",motivated,8,2,motivated
"Hmm",fear,3,1,fear
"I wanna die",depressed,12,4,depressed
"Omggg!",surprise,6,1,surprise
"Kapagod mabuhay",stress,17,2,stress
"Very peaceful",calm,13,2,calm
"Gwenchana",lonely,9,1,lonely
"N/A hehe",romantic,9,2,romantic
"Wews",nostalgic,4,1,nostalgic
"I don't know anymore",mixed,21,4,mixed

"I am happy today",happy,18,4,happy
"I think I'm going to cry",sad,25,6,sad
"I am very disappointed",angry,24,4,angry
"I feel everything will go with the flow",motivated,43,8,motivated
"I am scared",fear,12,3,fear
"I feel tired of everything",depressed,28,5,depressed
"I am surprised",surprise,15,3,surprise
"I feel like dying from pressure",stress,33,6,stress
"I feel relaxed",calm,15,3,calm
"I feel lonely",lonely,14,3,lonely
"I feel in love",romantic,15,4,romantic
"This reminds me of my childhood",nostalgic,36,6,nostalgic
"I feel happy but also sad",mixed,27,6,mixed

"I feel happy",happy,13,3,happy
"I feel sad today",sad,18,4,sad
"I am angry",angry,11,3,angry
"I feel good today",motivated,19,4,motivated
"I am scared",fear,12,3,fear
"I am not feeling well today",depressed,28,6,depressed
"I am excited",surprise,13,3,surprise
"I feel awful today",stress,20,4,stress
"I feel well today",calm,18,4,calm
"I am lonely",lonely,11,3,lonely
"I am in love right now",romantic,22,6,romantic
"I don't know",nostalgic,12,3,nostalgic
"I don't know what to feel",mixed,26,6,mixed