text,suggested_emotion,A_prediction,A_confidence,A_runner_up,B_prediction,B_confidence,B_runner_up,models_agree,better
"Finally passed my defense, I can't stop smiling!",happy,happy,99%,surprising 0%,happy,98%,surprising 1%,yes,
Ang saya ng araw ko today kasama barkada,happy,happy,35%,sad 24%,stressed,97%,sad 1%,NO,
"Got a free coffee this morning, small win",happy,happy,85%,motivational 8%,motivational,61%,happy 32%,NO,
We won the intrams basketball game!!,happy,happy,99%,nostalgic 0%,happy,99%,surprising 0%,yes,
My dog died this morning and I keep crying,sad,sad,99%,mixed 0%,sad,99%,mixed 0%,yes,
"I miss my lola, it's been a year since she passed",sad,nostalgic,50%,sad 43%,sad,61%,nostalgic 34%,NO,
Nakakalungkot di ako nakapasa sa board exam,sad,stressed,74%,motivational 7%,stressed,96%,motivational 2%,yes,
My best friend is moving abroad next week,sad,romantic,82%,nostalgic 7%,happy,41%,romantic 29%,NO,
I'm so mad my groupmate deleted our files,angry,angry,99%,sad 0%,angry,100%,sad 0%,yes,
Nakakainis yung prof namin unfair talaga,angry,angry,93%,sad 5%,angry,99%,sad 1%,yes,
Stop interrupting me every single time I talk,angry,angry,99%,romantic 0%,angry,99%,stressed 0%,yes,
The driver cut me off and then yelled at ME,angry,angry,93%,sad 4%,angry,98%,sad 1%,yes,
"Let's go, today I'm finishing this whole module",motivational,motivational,95%,happy 1%,motivational,99%,happy 0%,yes,
Kaya ko 'to! Laban lang,motivational,happy,86%,nostalgic 3%,stressed,93%,angry 4%,NO,
"I want to start running every morning, need a push",motivational,motivational,72%,stressed 20%,motivational,99%,stressed 1%,yes,
"Gym time, time to beat my personal record",motivational,motivational,98%,happy 1%,motivational,95%,happy 3%,yes,
I heard footsteps outside my window at 2am,fear,surprising,31%,fear 22%,fear,55%,lonely 17%,NO,
Natatakot ako sa results ng medical test ko,fear,happy,65%,mixed 14%,stressed,93%,motivational 5%,NO,
The plane is shaking so much right now,fear,stressed,79%,sad 7%,sad,72%,stressed 12%,NO,
I'm scared I'll get lost in a new city alone,fear,fear,99%,mixed 0%,fear,99%,mixed 0%,yes,
Days just blur together and nothing feels worth it,depressing,depressing,38%,sad 38%,depressing,52%,sad 31%,yes,
Parang wala nang kulay ang mundo ko,depressing,lonely,18%,mixed 17%,stressed,98%,sad 0%,NO,
I stay in bed all day and don't even want to eat,depressing,depressing,82%,stressed 10%,depressing,96%,stressed 2%,yes,
Everything feels heavy and gray lately,depressing,depressing,77%,sad 19%,depressing,91%,sad 7%,yes,
Wait WHAT he proposed to her in the mall??,surprising,romantic,89%,mixed 5%,romantic,83%,mixed 11%,yes,
"I didn't expect to get the scholarship, I'm shocked",surprising,surprising,99%,mixed 0%,surprising,98%,mixed 1%,yes,
Grabe di ko inexpect na pupunta sila dito,surprising,romantic,20%,nostalgic 17%,stressed,57%,angry 27%,NO,
Out of nowhere my old teacher messaged me,surprising,surprising,99%,mixed 0%,surprising,99%,mixed 0%,yes,
Three deadlines tomorrow and the server is down,stressed,stressed,97%,motivational 1%,stressed,99%,motivational 0%,yes,
Ang dami kong gagawin di ko na alam uunahin,stressed,stressed,35%,mixed 32%,stressed,99%,angry 0%,yes,
My boss keeps adding tasks and I can't keep up,stressed,stressed,97%,depressing 1%,stressed,99%,sad 0%,yes,
Exam in 2 hours and I haven't reviewed,stressed,stressed,90%,depressing 6%,stressed,99%,sad 0%,yes,
Sitting by the beach listening to the waves,calm,nostalgic,81%,calm 12%,calm,55%,nostalgic 30%,NO,
Chill lang ako dito sa bahay umuulan,calm,fear,23%,stressed 18%,stressed,98%,angry 0%,NO,
"Just finished my tea, everything feels peaceful",calm,calm,99%,happy 0%,calm,99%,happy 0%,yes,
"Slow Sunday morning, no plans at all",calm,stressed,65%,depressing 29%,depressing,49%,stressed 21%,NO,
Everyone has plans this weekend except me,lonely,lonely,78%,romantic 7%,lonely,27%,romantic 23%,yes,
Wala akong makausap ngayon,lonely,stressed,43%,lonely 14%,stressed,98%,angry 1%,yes,
Eating dinner by myself again tonight,lonely,calm,50%,nostalgic 22%,calm,71%,nostalgic 15%,yes,
I moved to Manila for work and I don't know anyone,lonely,lonely,88%,nostalgic 7%,lonely,95%,mixed 2%,yes,
I can't stop thinking about her smile,romantic,romantic,99%,nostalgic 0%,romantic,99%,happy 0%,yes,
"Date night with my boyfriend later, kinikilig ako",romantic,romantic,99%,angry 0%,romantic,100%,mixed 0%,yes,
Our first anniversary is tomorrow,romantic,romantic,97%,nostalgic 1%,romantic,99%,happy 0%,yes,
He held my hand during the movie,romantic,romantic,99%,nostalgic 0%,romantic,99%,mixed 0%,yes,
"Found my old Pokemon cards, childhood memories",nostalgic,nostalgic,99%,happy 0%,nostalgic,99%,happy 0%,yes,
Naalala ko yung mga summer sa probinsya dati,nostalgic,nostalgic,31%,lonely 18%,stressed,94%,motivational 4%,NO,
Listening to songs from high school makes me miss those days,nostalgic,nostalgic,98%,romantic 0%,nostalgic,99%,happy 0%,yes,
Walked past my old elementary school today,nostalgic,nostalgic,98%,surprising 1%,nostalgic,97%,surprising 1%,yes,
"Graduating tomorrow, happy but scared of what's next",mixed,mixed,92%,fear 2%,mixed,95%,fear 1%,yes,
Proud I got the job but sad to leave my friends,mixed,mixed,68%,happy 17%,mixed,79%,sad 14%,yes,
Masaya pero nakakapagod din,mixed,stressed,87%,sad 2%,stressed,97%,angry 1%,yes,
I love my family but they also stress me out,mixed,lonely,52%,mixed 25%,sad,38%,mixed 28%,NO,
ok,mixed,mixed,41%,happy 12%,motivational,26%,calm 18%,NO,
feeling meh,mixed,romantic,98%,nostalgic 0%,romantic,98%,mixed 0%,yes,
Play something for coding tonight,calm,motivational,94%,nostalgic 2%,motivational,93%,happy 4%,yes,
Stress na stress na ako sa capstone,stressed,stressed,95%,fear 1%,stressed,98%,sad 1%,yes,
